id,first_name,last_name,email,gender,ip_address
1,Gal,Larchier,glarchier0@nationalgeographic.com,Male,97.228.95.234
2,Yancy,Enrigo,yenrigo1@newsvine.com,Male,250.60.225.61
3,Leoine,Tulleth,ltulleth2@nymag.com,Female,99.245.20.213
4,Valentino,Jikovsky,vjikovsky3@friendfeed.com,Male,132.73.167.206
5,Levy,Biasetti,lbiasetti4@addthis.com,Male,23.119.111.193
6,Irene,Jiroudek,ijiroudek5@livejournal.com,Female,219.98.57.147
7,Randall,McGaffey,rmcgaffey6@odnoklassniki.ru,Male,39.138.212.135
8,Lindsay,Moxom,lmoxom7@ucoz.ru,Female,175.251.229.100
9,Brittaney,Alessandone,balessandone8@cnet.com,Female,181.7.254.88
10,Greer,Blayd,gblayd9@vimeo.com,Female,81.245.16.14
11,Fredia,Harry,fharrya@xinhuanet.com,Female,179.4.11.232
12,Adiana,Tillerton,atillertonb@liveinternet.ru,Female,148.214.248.113
13,Arlena,Stickler,asticklerc@netscape.com,Female,95.162.16.242
14,Melantha,Jeandon,mjeandond@indiatimes.com,Female,107.100.63.160
15,Xerxes,Goucher,xgouchere@pen.io,Male,32.78.3.27
16,Yetta,Franseco,yfransecof@flickr.com,Female,124.92.48.22
17,Adamo,Mahood,amahoodg@jimdo.com,Male,73.94.16.103
18,Abelard,Bertenshaw,abertenshawh@phoca.cz,Male,214.173.154.237
19,Clio,Sickert,csickerti@reddit.com,Female,148.109.116.142
20,Cindy,Filip,cfilipj@goo.ne.jp,Female,118.118.36.78
21,Carline,Prozescky,cprozesckyk@xinhuanet.com,Female,169.190.32.40
22,Ceil,Gloucester,cgloucesterl@webmd.com,Female,208.205.86.192
23,Noell,Tunno,ntunnom@webmd.com,Female,124.62.252.215
24,Jemima,Rubens,jrubensn@fema.gov,Female,143.127.38.247
25,Reggis,Guppey,rguppeyo@europa.eu,Male,202.199.14.103
26,Mischa,Eck,meckp@cnet.com,Male,27.202.109.187
27,Durward,Rylstone,drylstoneq@discovery.com,Male,199.96.99.3
28,Nikolaos,Billyeald,nbillyealdr@netscape.com,Male,80.1.216.34
29,Lilias,Siemon,lsiemons@scientificamerican.com,Female,18.127.201.205
30,Jacquie,Rabat,jrabatt@printfriendly.com,Female,16.26.169.230
31,Wendell,Filde,wfildeu@free.fr,Male,187.56.83.167
32,Marty,Mignot,mmignotv@nymag.com,Female,156.198.136.230
33,Laina,Dashper,ldashperw@squidoo.com,Female,241.12.213.18
34,Marlane,Soppitt,msoppittx@newsvine.com,Female,26.199.9.12
35,Georgianna,Grishinov,ggrishinovy@blinklist.com,Female,106.12.217.21
36,Prentiss,Arnow,parnowz@cafepress.com,Male,247.103.17.28
37,Orelee,Lequeux,olequeux10@whitehouse.gov,Female,16.103.209.127
38,Rozanna,Hensmans,rhensmans11@alibaba.com,Female,167.156.16.59
39,Atlante,Neat,aneat12@amazon.com,Female,201.105.244.89
40,Abelard,Strewthers,astrewthers13@homestead.com,Male,41.246.218.216
41,Dennie,Honeywood,dhoneywood14@unc.edu,Male,38.121.59.108
42,Hamid,MacGilmartin,hmacgilmartin15@google.nl,Male,69.101.68.229
43,Ivy,Mantle,imantle16@over-blog.com,Female,74.236.156.46
44,Thaxter,Choat,tchoat17@cocolog-nifty.com,Male,231.64.116.152
45,Obidiah,Puvia,opuvia18@bigcartel.com,Male,95.174.252.67
46,Barbee,Delacroix,bdelacroix19@walmart.com,Female,212.101.49.70
47,Alford,Barnardo,abarnardo1a@wunderground.com,Male,58.160.75.232
48,Raquela,Gunston,rgunston1b@mail.ru,Female,176.29.219.161
49,Samara,Skypp,sskypp1c@phpbb.com,Female,195.42.5.236
50,Skipp,Murricanes,smurricanes1d@skype.com,Male,220.19.151.86
51,Olia,Court,ocourt1e@free.fr,Female,232.185.63.155
52,Petrina,Siss,psiss1f@tinyurl.com,Female,237.82.208.145
53,Britt,Outram,boutram1g@unc.edu,Male,23.23.61.249
54,Wake,Chatburn,wchatburn1h@webs.com,Male,156.140.123.40
55,Ingaberg,Dod,idod1i@columbia.edu,Female,131.234.38.159
56,Alis,Denley,adenley1j@nature.com,Female,108.59.93.44
57,Tonie,Cullip,tcullip1k@rediff.com,Female,19.3.74.241
58,Reyna,Flanigan,rflanigan1l@clickbank.net,Female,18.108.153.211
59,Base,Lynnett,blynnett1m@myspace.com,Male,84.222.144.213
60,Harriot,Pleming,hpleming1n@360.cn,Female,196.26.37.230
61,Zorina,Charpin,zcharpin1o@free.fr,Female,103.115.178.193
62,Charil,Geering,cgeering1p@vk.com,Female,252.16.143.31
63,Jana,Colleford,jcolleford1q@youku.com,Female,223.251.54.197
64,Odell,Mille,omille1r@domainmarket.com,Male,120.242.74.101
65,Dominic,Probat,dprobat1s@wikimedia.org,Male,188.113.143.188
66,Craggy,Heningham,cheningham1t@typepad.com,Male,131.61.158.117
67,Silvia,Rennick,srennick1u@yellowbook.com,Female,213.44.129.174
68,Federico,Beames,fbeames1v@gravatar.com,Male,161.33.167.111
69,Tiffani,Dy,tdy1w@quantcast.com,Female,254.119.37.143
70,Claudian,Clewlowe,cclewlowe1x@surveymonkey.com,Male,138.172.47.139
71,Sheelah,Drowsfield,sdrowsfield1y@google.com.hk,Female,237.102.42.80
72,Hadlee,Pick,hpick1z@businessinsider.com,Male,250.7.63.153
73,Alia,Vuittet,avuittet20@si.edu,Female,49.53.103.209
74,Cacilie,Bosma,cbosma21@privacy.gov.au,Female,194.247.128.201
75,Barney,Rembaud,brembaud22@t.co,Male,143.225.84.162
76,Torrin,Baudone,tbaudone23@moonfruit.com,Male,196.77.66.241
77,Ferrel,Follos,ffollos24@ehow.com,Male,137.79.175.60
78,Donella,Philcott,dphilcott25@hp.com,Female,67.101.57.198
79,Sharon,Eteen,seteen26@bandcamp.com,Female,171.9.71.156
80,Hillel,Normavill,hnormavill27@cafepress.com,Male,236.128.143.172
81,Jere,Sheehy,jsheehy28@drupal.org,Male,165.50.191.182
82,August,Mattingly,amattingly29@alibaba.com,Male,202.140.47.231
83,Kasper,Shepherdson,kshepherdson2a@reverbnation.com,Male,80.168.5.154
84,Jemima,Klasen,jklasen2b@hhs.gov,Female,118.72.182.236
85,Maegan,Randles,mrandles2c@tuttocitta.it,Female,12.72.11.184
86,Ambur,Olexa,aolexa2d@com.com,Female,97.133.46.97
87,Glenn,Smerdon,gsmerdon2e@huffingtonpost.com,Male,157.4.232.32
88,Griffy,Ironside,gironside2f@newsvine.com,Male,27.184.186.10
89,Eadith,Kidney,ekidney2g@guardian.co.uk,Female,99.15.80.32
90,Cyrillus,Cains,ccains2h@apache.org,Male,50.234.218.236
91,Zebulon,Ireson,zireson2i@squidoo.com,Male,11.78.116.16
92,Darren,Coleridge,dcoleridge2j@artisteer.com,Male,46.186.173.134
93,Magdalena,Whatling,mwhatling2k@mayoclinic.com,Female,9.53.218.111
94,Terri,Colenutt,tcolenutt2l@mlb.com,Male,194.232.194.153
95,Sigismond,Langwade,slangwade2m@va.gov,Male,105.218.14.128
96,Binky,Jeyness,bjeyness2n@vkontakte.ru,Male,115.240.232.2
97,Carleton,Toquet,ctoquet2o@cbsnews.com,Male,40.66.171.209
98,Alyse,Maharry,amaharry2p@barnesandnoble.com,Female,223.184.182.250
99,Bobbi,Kedward,bkedward2q@hostgator.com,Female,131.101.209.219
100,Cody,Risom,crisom2r@nba.com,Female,36.66.37.12
101,Nonie,Bisatt,nbisatt2s@alexa.com,Female,8.105.66.195
102,Tedie,Klimschak,tklimschak2t@unicef.org,Male,130.75.146.61
103,Anissa,Stanyer,astanyer2u@yahoo.co.jp,Female,171.8.23.196
104,Kerry,Gouldthorp,kgouldthorp2v@xing.com,Male,1.246.90.59
105,Robenia,Dripp,rdripp2w@admin.ch,Female,45.233.209.2
106,Laverna,Beasleigh,lbeasleigh2x@europa.eu,Female,192.245.55.59
107,Malinde,Grishakin,mgrishakin2y@columbia.edu,Female,1.251.45.194
108,Korella,Duplan,kduplan2z@springer.com,Female,138.14.231.137
109,Kaitlyn,Totman,ktotman30@twitpic.com,Female,226.116.247.75
110,Filberte,Clarkson,fclarkson31@cnn.com,Male,207.185.34.153
111,Melisse,Pariso,mpariso32@globo.com,Female,16.165.65.71
112,Rodrigo,Preddle,rpreddle33@nationalgeographic.com,Male,169.46.254.63
113,Lavena,MacTeague,lmacteague34@goodreads.com,Female,236.88.251.175
114,Robin,Beric,rberic35@tumblr.com,Female,21.79.80.130
115,Aloin,Latan,alatan36@facebook.com,Male,195.84.179.71
116,Gilbertina,Janjusevic,gjanjusevic37@mayoclinic.com,Female,176.106.151.112
117,Daveen,Plenty,dplenty38@stumbleupon.com,Female,128.15.98.45
118,Irwin,Duffie,iduffie39@loc.gov,Male,244.94.220.195
119,Skipton,Eldred,seldred3a@bandcamp.com,Male,107.205.8.161
120,Odelinda,Hutchinson,ohutchinson3b@jalbum.net,Female,142.151.73.116
121,Biron,Hethron,bhethron3c@cbslocal.com,Male,136.3.138.139
122,Renado,Sherborn,rsherborn3d@paypal.com,Male,71.254.224.231
123,Hector,Bickerstaff,hbickerstaff3e@soundcloud.com,Male,54.92.17.41
124,Brandy,Djordjevic,bdjordjevic3f@ftc.gov,Male,207.76.238.247
125,Wade,Peterkin,wpeterkin3g@vkontakte.ru,Male,179.82.8.115
126,Gennie,Elsay,gelsay3h@themeforest.net,Female,74.148.38.203
127,Ignazio,L'Hommee,ilhommee3i@eventbrite.com,Male,210.188.39.143
128,Garret,Hathorn,ghathorn3j@globo.com,Male,97.26.222.245
129,Sibbie,Sarfat,ssarfat3k@skype.com,Female,55.216.231.143
130,Inna,Dominick,idominick3l@shinystat.com,Female,122.220.241.75
131,Del,Hixley,dhixley3m@bloglovin.com,Male,86.148.63.42
132,Juliette,Kayzer,jkayzer3n@liveinternet.ru,Female,93.36.109.94
133,Silvana,Brasener,sbrasener3o@japanpost.jp,Female,40.24.232.71
134,Sabrina,Foxhall,sfoxhall3p@census.gov,Female,156.211.93.121
135,Sarene,Girth,sgirth3q@noaa.gov,Female,128.92.136.101
136,Zacharia,Benkhe,zbenkhe3r@hp.com,Male,135.129.79.187
137,Charlotta,Davitti,cdavitti3s@reddit.com,Female,77.251.170.34
138,Lianna,Jellico,ljellico3t@exblog.jp,Female,227.40.90.153
139,Maurise,MacKnockiter,mmacknockiter3u@java.com,Male,102.72.41.5
140,Euphemia,Cogman,ecogman3v@barnesandnoble.com,Female,43.67.164.235
141,Pat,Real,preal3w@independent.co.uk,Female,67.88.224.249
142,Wadsworth,Dureden,wdureden3x@smugmug.com,Male,92.222.95.89
143,Mercy,MacMoyer,mmacmoyer3y@ask.com,Female,151.12.40.4
144,Lorne,Brandsma,lbrandsma3z@elegantthemes.com,Male,96.53.252.37
145,Felecia,Mallen,fmallen40@cloudflare.com,Female,38.150.220.172
146,Hi,Berthome,hberthome41@yahoo.co.jp,Male,223.76.9.177
147,Rogers,Lander,rlander42@washingtonpost.com,Male,145.150.127.95
148,Sandy,Gronno,sgronno43@biblegateway.com,Male,4.165.3.57
149,Sly,Sallis,ssallis44@blogspot.com,Male,31.51.88.36
150,Park,Cardwell,pcardwell45@ovh.net,Male,113.87.246.177
151,Sergeant,Pontin,spontin46@tuttocitta.it,Male,171.110.87.104
152,Zach,Franckton,zfranckton47@dagondesign.com,Male,155.223.94.111
153,Prent,Vannet,pvannet48@spotify.com,Male,247.178.150.5
154,Merry,Stow,mstow49@seesaa.net,Male,47.39.64.65
155,Alleyn,Grolmann,agrolmann4a@nhs.uk,Male,18.126.236.85
156,Starlin,Oselton,soselton4b@springer.com,Female,11.73.110.231
157,Dominick,Redwin,dredwin4c@altervista.org,Male,210.146.207.238
158,Marla,Jacobi,mjacobi4d@tiny.cc,Female,57.115.178.74
159,Jephthah,Bortolotti,jbortolotti4e@rediff.com,Male,7.155.149.130
160,Michal,Hatchard,mhatchard4f@so-net.ne.jp,Male,14.177.162.33
161,Janeva,Willicott,jwillicott4g@etsy.com,Female,228.93.97.165
162,Janette,Roadnight,jroadnight4h@discovery.com,Female,234.141.24.135
163,Cesaro,Daenen,cdaenen4i@constantcontact.com,Male,41.129.0.149
164,Miner,Bodemeaid,mbodemeaid4j@gnu.org,Male,173.152.22.138
165,Shae,Elliott,selliott4k@elegantthemes.com,Male,236.77.86.185
166,Dory,Costanza,dcostanza4l@networksolutions.com,Male,86.180.140.118
167,Hollis,Lattey,hlattey4m@facebook.com,Male,150.7.239.197
168,Tomlin,Pakenham,tpakenham4n@spiegel.de,Male,186.235.153.251
169,Carey,Linford,clinford4o@answers.com,Female,9.134.253.90
170,Shanan,Baumer,sbaumer4p@w3.org,Male,68.159.140.188
171,Joni,Margeram,jmargeram4q@1und1.de,Female,173.248.21.99
172,Arlan,Petrussi,apetrussi4r@samsung.com,Male,176.173.251.133
173,Theobald,Micallef,tmicallef4s@ftc.gov,Male,69.232.136.10
174,Hercule,MacCartney,hmaccartney4t@sina.com.cn,Male,224.38.160.76
175,Francisco,Splain,fsplain4u@skyrock.com,Male,124.57.132.135
176,Stanislaw,Sargerson,ssargerson4v@sun.com,Male,129.234.208.137
177,Marinna,Chasney,mchasney4w@taobao.com,Female,254.118.19.132
178,Tommie,Puddin,tpuddin4x@sbwire.com,Female,99.135.252.109
179,Vanni,Filippucci,vfilippucci4y@moonfruit.com,Female,197.144.99.209
180,Ursola,Deplacido,udeplacido4z@mapy.cz,Female,106.35.9.223
181,Laurence,Montague,lmontague50@bandcamp.com,Male,88.168.22.66
182,Morlee,Loudwell,mloudwell51@51.la,Male,211.165.0.176
183,Erhard,Rains,erains52@illinois.edu,Male,118.244.230.132
184,Lizbeth,Gummory,lgummory53@wsj.com,Female,1.40.201.243
185,Beryle,Huddleston,bhuddleston54@cocolog-nifty.com,Female,189.217.131.67
186,Nickolaus,Dunnet,ndunnet55@topsy.com,Male,170.90.161.193
187,Cindie,Beevors,cbeevors56@devhub.com,Female,220.124.161.18
188,Toni,Soff,tsoff57@prweb.com,Female,213.67.102.249
189,Damon,Hamelyn,dhamelyn58@icio.us,Male,154.153.210.49
190,Pearline,Pellant,ppellant59@tripadvisor.com,Female,111.4.227.246
191,Rodge,Streeten,rstreeten5a@storify.com,Male,157.35.16.234
192,Tybi,Fautly,tfautly5b@imageshack.us,Female,98.199.5.248
193,Tilly,Hearsey,thearsey5c@ustream.tv,Female,176.165.222.159
194,Jeth,Job,jjob5d@drupal.org,Male,211.234.220.153
195,Beverlie,Lamlin,blamlin5e@macromedia.com,Female,224.212.231.164
196,Taylor,Lowen,tlowen5f@google.es,Male,82.251.44.178
197,Bary,Heale,bheale5g@macromedia.com,Male,252.111.55.147
198,Evey,Gailor,egailor5h@google.it,Female,78.81.239.50
199,Lance,Halls,lhalls5i@irs.gov,Male,172.121.238.138
200,Casi,Pickavance,cpickavance5j@miitbeian.gov.cn,Female,51.5.250.90
201,Clarke,Houtby,choutby5k@prlog.org,Male,146.216.185.150
202,Jozef,Orrow,jorrow5l@dedecms.com,Male,19.182.227.73
203,Gwenny,Devereu,gdevereu5m@upenn.edu,Female,85.192.194.149
204,Valentia,Jerschke,vjerschke5n@goo.gl,Female,103.73.213.144
205,Vonni,Swendell,vswendell5o@irs.gov,Female,242.6.208.88
206,Brynna,Poller,bpoller5p@ezinearticles.com,Female,4.108.175.77
207,Griffie,Reddihough,greddihough5q@ucoz.ru,Male,130.50.197.233
208,Corina,Steane,csteane5r@netscape.com,Female,254.75.149.208
209,Burk,Allnatt,ballnatt5s@alexa.com,Male,80.162.68.249
210,Bathsheba,Hearst,bhearst5t@statcounter.com,Female,133.202.242.12
211,Culley,Linstead,clinstead5u@unesco.org,Male,83.58.162.5
212,Granthem,Hurdiss,ghurdiss5v@edublogs.org,Male,50.202.115.192
213,Ricoriki,Tatton,rtatton5w@fc2.com,Male,103.71.244.198
214,Christi,Klimas,cklimas5x@hugedomains.com,Female,15.159.250.108
215,Eolanda,Whopples,ewhopples5y@hao123.com,Female,133.194.186.79
216,Elsbeth,Buckwell,ebuckwell5z@1688.com,Female,79.157.47.58
217,Kristopher,McIllroy,kmcillroy60@i2i.jp,Male,177.198.88.129
218,Dare,Glazier,dglazier61@usda.gov,Male,119.36.181.3
219,Eva,Dimelow,edimelow62@samsung.com,Female,77.97.213.51
220,Dill,Yegorkin,dyegorkin63@twitpic.com,Male,255.214.179.246
221,Padget,Berridge,pberridge64@sfgate.com,Male,158.135.87.77
222,Berte,Luna,bluna65@ucsd.edu,Female,19.14.98.186
223,Jehu,Fairlie,jfairlie66@linkedin.com,Male,158.152.16.126
224,Brandon,Hallin,bhallin67@lycos.com,Male,63.81.173.164
225,Benton,Brimham,bbrimham68@bluehost.com,Male,108.56.218.103
226,Malia,Palfreyman,mpalfreyman69@answers.com,Female,53.75.51.30
227,Irma,Glyn,iglyn6a@about.me,Female,63.49.191.27
228,Lonni,Gauvain,lgauvain6b@alibaba.com,Female,184.188.20.43
229,Gauthier,Desaur,gdesaur6c@csmonitor.com,Male,225.90.216.34
230,Meredeth,Dodsworth,mdodsworth6d@china.com.cn,Male,140.165.159.39
231,Donnie,Huckster,dhuckster6e@ameblo.jp,Male,51.81.158.71
232,Sayers,Tonge,stonge6f@shop-pro.jp,Male,96.173.91.204
233,Frans,O'Donnell,fodonnell6g@house.gov,Male,198.233.169.191
234,Nonah,Merill,nmerill6h@ning.com,Female,198.142.67.238
235,Leonore,Izchaki,lizchaki6i@edublogs.org,Female,242.159.182.216
236,Terri,Arran,tarran6j@devhub.com,Female,110.179.222.134
237,Ber,Gerald,bgerald6k@accuweather.com,Male,55.188.214.167
238,Estrella,Pembridge,epembridge6l@google.es,Female,234.227.11.71
239,Fleming,Levington,flevington6m@360.cn,Male,146.144.127.248
240,Doe,Kivell,dkivell6n@statcounter.com,Female,29.18.10.102
241,Gale,Amberson,gamberson6o@pagesperso-orange.fr,Female,162.217.192.247
242,Consuela,Romaint,cromaint6p@bizjournals.com,Female,76.44.121.154
243,Berkie,Marlow,bmarlow6q@trellian.com,Male,157.41.185.155
244,Bo,Daspar,bdaspar6r@slashdot.org,Male,133.18.152.219
245,Heloise,Chessor,hchessor6s@google.ru,Female,165.12.83.161
246,Chaddy,Berrane,cberrane6t@house.gov,Male,28.120.229.38
247,Leesa,McDugal,lmcdugal6u@va.gov,Female,142.18.147.155
248,Rosie,Haysman,rhaysman6v@diigo.com,Female,153.191.161.250
249,Kennett,Lafaye,klafaye6w@github.io,Male,54.210.129.8
250,Carce,Humblestone,chumblestone6x@goodreads.com,Male,160.167.73.101
251,Hanna,Kunzler,hkunzler6y@wix.com,Female,200.117.94.43
252,Garv,January,gjanuary6z@prnewswire.com,Male,110.15.217.133
253,Conway,Cubin,ccubin70@cpanel.net,Male,143.105.98.176
254,Cherri,Kerridge,ckerridge71@nyu.edu,Female,27.1.65.32
255,Adelle,Juster,ajuster72@bigcartel.com,Female,15.14.34.73
256,Jabez,Rapelli,jrapelli73@wiley.com,Male,79.109.180.199
257,Derry,Ankrett,dankrett74@jimdo.com,Male,174.26.241.179
258,Anthony,Luetkemeyer,aluetkemeyer75@tiny.cc,Male,86.248.228.71
259,Hashim,McDonand,hmcdonand76@cbslocal.com,Male,101.38.232.130
260,Marcie,Shelper,mshelper77@ca.gov,Female,80.236.245.53
261,Gerianne,Shortland,gshortland78@mtv.com,Female,202.49.41.105
262,Padraic,Garthshore,pgarthshore79@google.it,Male,236.119.44.168
263,Jenine,Cowles,jcowles7a@e-recht24.de,Female,48.40.37.217
264,Ynez,Colliard,ycolliard7b@tmall.com,Female,141.20.26.64
265,Torrin,Kindon,tkindon7c@fema.gov,Male,196.129.229.74
266,Jodi,Stirland,jstirland7d@free.fr,Male,129.98.158.220
267,Jenica,Tappin,jtappin7e@biglobe.ne.jp,Female,129.159.40.18
268,Chrysler,Attock,cattock7f@bizjournals.com,Female,152.251.208.158
269,Corinne,Noraway,cnoraway7g@reddit.com,Female,133.151.193.253
270,Evered,Noe,enoe7h@wordpress.com,Male,108.53.101.4
271,Casie,Johnson,cjohnson7i@usda.gov,Female,214.249.82.125
272,Joella,Skillings,jskillings7j@wufoo.com,Female,115.122.138.154
273,Giorgia,Colling,gcolling7k@clickbank.net,Female,163.94.31.219
274,Elva,Espy,eespy7l@noaa.gov,Female,55.243.187.140
275,Kirk,Broughton,kbroughton7m@nasa.gov,Male,148.84.65.160
276,Ronny,Colliford,rcolliford7n@blinklist.com,Male,240.110.2.208
277,Florinda,O'Siaghail,fosiaghail7o@moonfruit.com,Female,102.36.79.9
278,Dun,Gilvary,dgilvary7p@topsy.com,Male,184.219.52.89
279,Ignatius,Burhill,iburhill7q@uol.com.br,Male,144.104.179.127
280,Brandtr,Clemenza,bclemenza7r@google.it,Male,84.71.60.17
281,Liesa,Hyder,lhyder7s@spiegel.de,Female,208.134.42.81
282,Burlie,Quiney,bquiney7t@yahoo.co.jp,Male,36.45.42.93
283,Leshia,Davisson,ldavisson7u@rakuten.co.jp,Female,14.134.205.217
284,Emelita,Tanner,etanner7v@people.com.cn,Female,61.236.229.250
285,Lian,Lintall,llintall7w@yellowpages.com,Female,196.38.66.22
286,Lee,Tippell,ltippell7x@mlb.com,Female,89.138.157.58
287,Rufe,Trevorrow,rtrevorrow7y@creativecommons.org,Male,83.121.20.56
288,Claire,Ashbrook,cashbrook7z@spiegel.de,Male,7.91.246.92
289,Brockie,Cassely,bcassely80@comsenz.com,Male,206.46.2.177
290,Manda,Switsur,mswitsur81@sakura.ne.jp,Female,78.2.238.222
291,Hersch,Clelle,hclelle82@ifeng.com,Male,10.208.147.54
292,Wesley,Salleir,wsalleir83@spiegel.de,Male,176.34.160.121
293,Mehetabel,Empringham,mempringham84@netscape.com,Female,26.115.18.153
294,Milissent,Elsdon,melsdon85@biblegateway.com,Female,231.8.118.66
295,Kata,Fortnon,kfortnon86@people.com.cn,Female,155.166.113.28
296,Tremayne,Mirfin,tmirfin87@devhub.com,Male,29.110.189.160
297,Mickey,Dwelly,mdwelly88@earthlink.net,Male,167.230.129.22
298,Timothy,Woodard,twoodard89@wikispaces.com,Male,39.52.202.29
299,Candra,Cleever,ccleever8a@dailymotion.com,Female,48.209.229.144
300,Cecile,Radoux,cradoux8b@ebay.com,Female,51.129.64.187
301,Halette,Berthomieu,hberthomieu8c@webeden.co.uk,Female,110.188.102.157
302,Hettie,Ishchenko,hishchenko8d@latimes.com,Female,27.244.172.205
303,Obidiah,Hartfleet,ohartfleet8e@berkeley.edu,Male,219.223.21.159
304,Clemens,Paggitt,cpaggitt8f@shutterfly.com,Male,27.152.7.203
305,Cyrillus,Montes,cmontes8g@cmu.edu,Male,89.133.156.181
306,Ellene,Vasyagin,evasyagin8h@comsenz.com,Female,107.195.141.18
307,Korie,covino,kcovino8i@utexas.edu,Female,191.142.251.147
308,Herbie,Ducket,hducket8j@wunderground.com,Male,84.0.223.75
309,Cazzie,Jorn,cjorn8k@google.com.hk,Male,30.1.65.31
310,Austine,Dodswell,adodswell8l@pagesperso-orange.fr,Female,53.117.28.151
311,Jeni,MacAlester,jmacalester8m@topsy.com,Female,34.247.180.121
312,Tessi,Abethell,tabethell8n@geocities.jp,Female,180.114.21.180
313,Libbi,Harrison,lharrison8o@webeden.co.uk,Female,250.107.221.221
314,Toiboid,Yare,tyare8p@earthlink.net,Male,106.65.154.200
315,Christabella,Frewer,cfrewer8q@amazon.com,Female,76.138.7.141
316,Verla,McIlwrath,vmcilwrath8r@salon.com,Female,72.172.114.204
317,Persis,Jiruca,pjiruca8s@meetup.com,Female,24.27.116.219
318,Birgit,Jakov,bjakov8t@github.io,Female,83.211.35.234
319,Fayre,Courtois,fcourtois8u@dmoz.org,Female,154.252.225.41
320,Allen,Clearley,aclearley8v@blogtalkradio.com,Male,53.237.48.186
321,Smitty,Gasgarth,sgasgarth8w@wsj.com,Male,82.127.170.111
322,Lanna,Springham,lspringham8x@kickstarter.com,Female,57.11.3.111
323,Star,Dungey,sdungey8y@weebly.com,Female,243.101.35.78
324,Jorie,Shurrock,jshurrock8z@technorati.com,Female,132.227.161.78
325,Halli,Pedlar,hpedlar90@statcounter.com,Female,150.57.12.27
326,Randie,Cremen,rcremen91@jugem.jp,Male,74.239.91.150
327,Alic,Snugg,asnugg92@livejournal.com,Male,122.105.175.24
328,Mycah,Kelemen,mkelemen93@yellowbook.com,Male,110.119.150.104
329,Arty,Shelly,ashelly94@istockphoto.com,Male,232.159.164.120
330,Joby,Van Cassel,jvancassel95@networkadvertising.org,Female,25.21.208.249
331,Maryanna,Scolland,mscolland96@4shared.com,Female,139.56.200.240
332,Bert,Raithbie,braithbie97@google.cn,Female,178.30.172.201
333,Noellyn,Royl,nroyl98@apache.org,Female,82.120.173.15
334,Berti,Hydes,bhydes99@foxnews.com,Male,252.143.101.217
335,Trudy,Scotchmor,tscotchmor9a@fema.gov,Female,52.179.50.195
336,Brook,Havile,bhavile9b@illinois.edu,Male,51.43.212.143
337,Marchelle,Draye,mdraye9c@spiegel.de,Female,238.17.89.163
338,Ross,Sinney,rsinney9d@hud.gov,Male,195.131.158.181
339,Saraann,Iffe,siffe9e@list-manage.com,Female,55.24.98.46
340,Johnath,Trimmell,jtrimmell9f@nasa.gov,Female,231.148.136.78
341,Doy,Rangell,drangell9g@cdbaby.com,Male,66.42.225.189
342,Des,Richardeau,drichardeau9h@hubpages.com,Male,196.47.72.115
343,Timmy,Elmes,telmes9i@so-net.ne.jp,Male,232.131.120.174
344,Margeaux,Pickhaver,mpickhaver9j@google.it,Female,215.3.35.139
345,Emmerich,Cauldwell,ecauldwell9k@google.co.jp,Male,55.184.114.225
346,Brnaby,Whitwood,bwhitwood9l@pagesperso-orange.fr,Male,147.133.224.231
347,Hendrick,Ferrari,hferrari9m@exblog.jp,Male,219.200.81.94
348,Trev,Rice,trice9n@meetup.com,Male,52.169.122.220
349,Ricoriki,De Lacey,rdelacey9o@artisteer.com,Male,231.242.102.228
350,Reyna,Enoch,renoch9p@ftc.gov,Female,34.56.198.170
351,Rona,Alessandrelli,ralessandrelli9q@bloomberg.com,Female,222.41.218.171
352,Fidole,Nolton,fnolton9r@goodreads.com,Male,3.227.35.102
353,Kermie,Brockie,kbrockie9s@hatena.ne.jp,Male,186.152.171.102
354,Dorrie,McGuiney,dmcguiney9t@imgur.com,Female,205.82.188.7
355,Shurlock,Gerrelts,sgerrelts9u@usatoday.com,Male,73.12.120.92
356,Gerti,Welburn,gwelburn9v@google.fr,Female,234.159.185.234
357,Sibby,Stratiff,sstratiff9w@pcworld.com,Female,105.179.240.82
358,Beverly,Scholz,bscholz9x@nymag.com,Female,99.109.183.137
359,Graeme,Smallshaw,gsmallshaw9y@last.fm,Male,60.99.96.216
360,Rosaleen,Backhurst,rbackhurst9z@trellian.com,Female,206.151.15.235
361,Corrina,Ipplett,cippletta0@yahoo.com,Female,220.18.222.13
362,Rutter,Bower,rbowera1@imgur.com,Male,157.9.8.55
363,Adey,Frossell,afrossella2@diigo.com,Female,146.228.137.184
364,Thorsten,Dmych,tdmycha3@goo.gl,Male,116.32.145.27
365,Pavia,Langmaid,plangmaida4@msn.com,Female,111.15.147.26
366,Kendricks,Cassar,kcassara5@tuttocitta.it,Male,89.252.135.167
367,Leonhard,Gyurkovics,lgyurkovicsa6@phoca.cz,Male,228.40.1.173
368,Ernestine,Arrandale,earrandalea7@bbc.co.uk,Female,128.9.9.5
369,Jeniece,Brierley,jbrierleya8@naver.com,Female,32.82.237.68
370,Maitilde,Anyene,manyenea9@usnews.com,Female,124.176.178.192
371,Marlyn,Stratford,mstratfordaa@acquirethisname.com,Female,62.235.176.122
372,Ofella,Lowbridge,olowbridgeab@engadget.com,Female,35.216.57.178
373,Fionna,Antonoyev,fantonoyevac@va.gov,Female,131.212.217.44
374,Meyer,Cairns,mcairnsad@berkeley.edu,Male,58.228.133.145
375,Theodosia,Bayford,tbayfordae@opera.com,Female,251.190.250.9
376,Amitie,Doerrling,adoerrlingaf@state.tx.us,Female,174.123.99.111
377,Cristin,Clooney,cclooneyag@dot.gov,Female,227.37.191.172
378,Leeann,Poetz,lpoetzah@163.com,Female,83.96.53.139
379,Conway,Suttling,csuttlingai@photobucket.com,Male,124.23.33.197
380,Marthe,Ronan,mronanaj@ezinearticles.com,Female,46.61.103.177
381,Frederik,Fyers,ffyersak@bing.com,Male,243.128.223.109
382,Dane,Kingstne,dkingstneal@spotify.com,Male,47.15.102.104
383,Raphael,Glenn,rglennam@reverbnation.com,Male,132.238.216.184
384,Robinet,Dugan,rduganan@desdev.cn,Female,194.229.32.185
385,Seumas,Shaw,sshawao@census.gov,Male,59.192.177.127
386,Bengt,Maddicks,bmaddicksap@fastcompany.com,Male,17.104.226.231
387,Paige,Danilyak,pdanilyakaq@symantec.com,Male,13.172.98.180
388,Sal,Edgcumbe,sedgcumbear@newyorker.com,Male,6.13.50.177
389,Billy,Dows,bdowsas@techcrunch.com,Male,199.203.138.228
390,Lizzy,May,lmayat@163.com,Female,218.104.63.90
391,Fulvia,Scrase,fscraseau@unesco.org,Female,64.179.136.161
392,Ban,Broe,bbroeav@reverbnation.com,Male,177.168.109.122
393,Aubrie,Pimblett,apimblettaw@webeden.co.uk,Female,114.73.17.16
394,Annetta,Dur,adurax@altervista.org,Female,36.157.92.183
395,Rollie,Strutton,rstruttonay@usa.gov,Male,63.99.244.54
396,Miranda,Remon,mremonaz@vinaora.com,Female,67.140.68.17
397,Rozelle,Mountain,rmountainb0@geocities.jp,Female,115.95.208.101
398,Wendye,Fender,wfenderb1@theatlantic.com,Female,131.54.196.181
399,Amargo,M'Quharge,amquhargeb2@bandcamp.com,Female,92.71.21.187
400,Jere,Jamary,jjamaryb3@360.cn,Male,78.129.53.160
401,Bennie,Readings,breadingsb4@myspace.com,Male,166.64.81.24
402,Alaine,Toderini,atoderinib5@nih.gov,Female,175.43.232.107
403,Marlene,Freen,mfreenb6@uiuc.edu,Female,170.74.17.0
404,Jon,Bril,jbrilb7@usnews.com,Male,228.186.38.24
405,Nealson,Arnaudot,narnaudotb8@t-online.de,Male,191.63.234.161
406,Theadora,McBrier,tmcbrierb9@cbslocal.com,Female,245.114.224.133
407,Carie,Boggis,cboggisba@dell.com,Female,170.76.139.17
408,Salomi,Gebb,sgebbbb@buzzfeed.com,Female,169.200.114.193
409,Cris,Skahill,cskahillbc@msu.edu,Male,80.43.148.246
410,Andree,Paff,apaffbd@flickr.com,Female,202.26.155.35
411,Ag,Upcraft,aupcraftbe@com.com,Female,34.121.82.20
412,Beatrisa,Heathcoat,bheathcoatbf@google.nl,Female,226.133.74.195
413,Aurlie,Caiger,acaigerbg@xing.com,Female,121.72.20.247
414,Mar,Wibrow,mwibrowbh@linkedin.com,Male,101.247.117.157
415,Cly,Dunnet,cdunnetbi@omniture.com,Male,54.221.64.43
416,Marney,Thake,mthakebj@un.org,Female,27.239.23.91
417,Rriocard,Lancley,rlancleybk@webnode.com,Male,13.151.99.61
418,Katerina,McGlade,kmcgladebl@vinaora.com,Female,69.116.17.190
419,Leeland,Satch,lsatchbm@uol.com.br,Male,101.67.226.115
420,Chick,Ramalho,cramalhobn@bandcamp.com,Male,13.236.21.147
421,Antoni,Keaveny,akeavenybo@unicef.org,Male,100.170.64.199
422,Philip,Wingar,pwingarbp@baidu.com,Male,198.178.195.117
423,Brad,Peye,bpeyebq@elpais.com,Male,47.29.175.137
424,Urson,Belfitt,ubelfittbr@elegantthemes.com,Male,50.157.147.90
425,Adelle,Cords,acordsbs@chron.com,Female,62.202.124.125
426,Cherey,Sange,csangebt@sfgate.com,Female,249.78.179.247
427,Kalina,Ashfold,kashfoldbu@bloglovin.com,Female,251.127.164.238
428,Elyse,Musslewhite,emusslewhitebv@mit.edu,Female,9.146.128.40
429,Raviv,Tripean,rtripeanbw@arizona.edu,Male,104.73.217.53
430,Clotilda,Sumshon,csumshonbx@google.com.br,Female,236.248.121.136
431,Roman,Gurden,rgurdenby@cisco.com,Male,60.153.119.215
432,Leyla,Bauchop,lbauchopbz@mashable.com,Female,177.153.158.4
433,Dari,Mapother,dmapotherc0@google.nl,Female,82.82.200.126
434,Germain,ffrench Beytagh,gffrenchbeytaghc1@va.gov,Male,145.222.162.140
435,Reta,Prettejohns,rprettejohnsc2@mayoclinic.com,Female,189.155.118.210
436,Gale,Labrone,glabronec3@biblegateway.com,Female,72.3.73.2
437,Bartholomeo,Spalls,bspallsc4@home.pl,Male,154.146.250.204
438,Bari,Hunnisett,bhunnisettc5@hubpages.com,Female,235.110.36.170
439,Melody,Sibbering,msibberingc6@mlb.com,Female,68.240.164.160
440,Melisse,McKimmie,mmckimmiec7@ycombinator.com,Female,115.38.235.166
441,Tammie,MacFadzan,tmacfadzanc8@hibu.com,Male,253.59.144.50
442,Russell,Fedynski,rfedynskic9@google.cn,Male,78.37.158.180
443,Stacy,McKerley,smckerleyca@macromedia.com,Male,41.57.191.9
444,Derek,Spridgeon,dspridgeoncb@apple.com,Male,157.178.43.47
445,Viva,Wilcher,vwilchercc@istockphoto.com,Female,64.144.50.34
446,Velvet,Lowth,vlowthcd@skype.com,Female,72.187.113.186
447,Enriqueta,Rubinovici,erubinovicice@qq.com,Female,220.47.151.133
448,Vickie,Baggarley,vbaggarleycf@goodreads.com,Female,228.175.129.69
449,Desirae,Boulding,dbouldingcg@google.co.uk,Female,233.69.150.190
450,Catherine,Weavers,cweaversch@sfgate.com,Female,40.139.63.78
451,Dev,Hightown,dhightownci@plala.or.jp,Male,154.25.98.230
452,Chad,Grigorio,cgrigoriocj@mapquest.com,Female,105.222.61.201
453,Natasha,Janoschek,njanoschekck@fastcompany.com,Female,100.215.188.138
454,Georgiana,Arcase,garcasecl@deviantart.com,Female,5.42.92.218
455,Nevsa,Gytesham,ngyteshamcm@tuttocitta.it,Female,142.221.9.164
456,Nial,Holbarrow,nholbarrowcn@about.com,Male,187.138.239.206
457,Archie,de Werk,adewerkco@lycos.com,Male,7.85.50.186
458,Shamus,Jovicevic,sjoviceviccp@va.gov,Male,49.222.147.155
459,Marlon,Brezlaw,mbrezlawcq@51.la,Male,210.9.55.105
460,Jasun,Wolfendale,jwolfendalecr@1688.com,Male,98.185.90.19
461,Leanor,Gouinlock,lgouinlockcs@cbc.ca,Female,5.216.33.223
462,Quintus,Todaro,qtodaroct@is.gd,Male,91.61.46.18
463,Faulkner,Seden,fsedencu@youku.com,Male,129.10.195.81
464,Tuckie,Bassham,tbasshamcv@ca.gov,Male,113.171.50.92
465,Waylin,Wloch,wwlochcw@tumblr.com,Male,162.192.85.228
466,Bruno,Blandford,bblandfordcx@state.tx.us,Male,147.75.115.20
467,Bellanca,Langeren,blangerency@e-recht24.de,Female,93.29.223.234
468,Kenyon,Nobes,knobescz@liveinternet.ru,Male,199.230.13.27
469,Opal,Mullenger,omullengerd0@blogger.com,Female,81.212.185.211
470,Dora,Lempenny,dlempennyd1@prnewswire.com,Female,70.248.43.89
471,Jessa,Whall,jwhalld2@woothemes.com,Female,129.8.164.173
472,Moll,Turri,mturrid3@privacy.gov.au,Female,78.134.192.138
473,Royce,Ellen,rellend4@xinhuanet.com,Male,183.117.242.72
474,Cristabel,Knevet,cknevetd5@bigcartel.com,Female,255.41.255.83
475,Sadella,Baglin,sbaglind6@hibu.com,Female,132.207.31.125
476,Louise,Cowlas,lcowlasd7@forbes.com,Female,188.208.222.231
477,Nelie,Goodread,ngoodreadd8@webnode.com,Female,1.238.152.114
478,Sharyl,Willford,swillfordd9@usa.gov,Female,155.252.96.204
479,Arel,Dunston,adunstonda@nih.gov,Male,222.136.190.90
480,Bonny,Fealy,bfealydb@hhs.gov,Female,214.219.173.87
481,Melodie,Cullingford,mcullingforddc@nydailynews.com,Female,112.128.168.141
482,Ashlee,Dunnan,adunnandd@cnn.com,Female,106.10.229.227
483,Lilyan,Cossins,lcossinsde@bbb.org,Female,248.152.223.28
484,Monti,Lagadu,mlagadudf@ustream.tv,Male,155.118.240.57
485,Olenka,Sherrum,osherrumdg@google.it,Female,195.223.134.72
486,Phaidra,Atthow,patthowdh@storify.com,Female,75.63.71.111
487,Astrid,Garrigan,agarrigandi@comsenz.com,Female,233.119.5.170
488,Rudolfo,Coales,rcoalesdj@soundcloud.com,Male,129.14.82.234
489,Avictor,Brute,abrutedk@youtube.com,Male,206.200.57.174
490,Lilith,Vasin,lvasindl@admin.ch,Female,221.244.36.234
491,Stefa,Robatham,srobathamdm@yale.edu,Female,169.251.90.171
492,Billye,MacKain,bmackaindn@bravesites.com,Female,137.13.207.0
493,Alexine,Texton,atextondo@salon.com,Female,190.162.26.103
494,Branden,Hebbron,bhebbrondp@webmd.com,Male,234.125.212.100
495,Ashla,Josipovitz,ajosipovitzdq@ucla.edu,Female,216.31.26.109
496,Edie,O'Bruen,eobruendr@cam.ac.uk,Female,87.245.13.205
497,Sig,Cranke,scrankeds@printfriendly.com,Male,186.44.116.217
498,Joyous,Bodman,jbodmandt@tinypic.com,Female,175.225.69.44
499,Abby,Betts,abettsdu@newsvine.com,Female,116.162.123.236
500,Murial,Halvorsen,mhalvorsendv@mlb.com,Female,175.0.200.231
501,Winnie,Mattinson,wmattinsondw@dyndns.org,Female,147.58.102.192
502,Amelie,Seeks,aseeksdx@prlog.org,Female,184.160.16.89
503,Inesita,Verheijden,iverheijdendy@fc2.com,Female,182.206.59.179
504,Shae,Pinsent,spinsentdz@cyberchimps.com,Male,118.82.244.10
505,Stevana,Merdew,smerdewe0@shop-pro.jp,Female,41.26.49.34
506,Guthrey,Prozillo,gprozilloe1@reuters.com,Male,194.110.167.25
507,Stanley,Olohan,solohane2@ameblo.jp,Male,15.84.33.242
508,Costa,Redman,credmane3@shutterfly.com,Male,195.86.252.237
509,Bronnie,Slatter,bslattere4@behance.net,Male,120.202.196.197
510,Marlowe,Claremont,mclaremonte5@ow.ly,Male,59.211.218.19
511,Dev,Toone,dtoonee6@ftc.gov,Male,14.57.29.144
512,Marlane,Jaffra,mjaffrae7@msu.edu,Female,109.238.200.115
513,Ema,MacKellar,emackellare8@nifty.com,Female,35.10.196.106
514,Dunn,Giffen,dgiffene9@shutterfly.com,Male,75.245.109.156
515,Abbe,Huller,ahullerea@ucla.edu,Female,193.255.121.131
516,Ibrahim,Stirrip,istirripeb@nationalgeographic.com,Male,197.0.250.132
517,Timmie,Mycock,tmycockec@google.it,Female,152.119.153.126
518,Klara,Senechault,ksenechaulted@msu.edu,Female,208.238.10.199
519,Alica,Windram,awindramee@dagondesign.com,Female,211.188.246.203
520,Thain,Dunphie,tdunphieef@noaa.gov,Male,84.165.168.27
521,Devinne,May,dmayeg@printfriendly.com,Female,4.199.47.124
522,Vergil,Alves,valveseh@usatoday.com,Male,93.177.27.230
523,Tiena,Kender,tkenderei@wired.com,Female,163.61.175.173
524,Zuzana,Venable,zvenableej@ameblo.jp,Female,205.26.103.157
525,Hillery,Solesbury,hsolesburyek@zimbio.com,Male,96.168.100.211
526,Aridatha,Izhak,aizhakel@ebay.co.uk,Female,88.110.3.218
527,Fawn,Bellelli,fbellelliem@shareasale.com,Female,198.214.113.143
528,Alysia,Ference,aferenceen@europa.eu,Female,204.185.30.44
529,Hadley,Howie,hhowieeo@webmd.com,Male,18.243.210.60
530,Kean,Andreassen,kandreassenep@mashable.com,Male,103.244.191.123
531,Agustin,Freschi,afreschieq@e-recht24.de,Male,231.203.127.255
532,Beverly,Myderscough,bmyderscougher@blogs.com,Female,190.157.249.61
533,Lucille,Reilingen,lreilingenes@yelp.com,Female,130.224.237.193
534,Eveline,Landell,elandellet@spotify.com,Female,102.134.173.59
535,Woodrow,Dami,wdamieu@bbb.org,Male,217.111.71.120
536,Waldon,Bes,wbesev@moonfruit.com,Male,106.48.194.28
537,Darnell,Pitchford,dpitchfordew@slate.com,Male,212.126.64.202
538,Bernhard,Aveline,bavelineex@ihg.com,Male,183.144.70.224
539,Simone,Jumont,sjumontey@vk.com,Male,230.118.41.101
540,Fernande,Heinzel,fheinzelez@yahoo.co.jp,Female,198.170.79.248
541,Vernor,Vahl,vvahlf0@phoca.cz,Male,51.222.254.68
542,Sheffie,Duddy,sduddyf1@homestead.com,Male,27.146.149.182
543,Davey,Hessing,dhessingf2@earthlink.net,Male,210.18.199.217
544,Linnea,Purcer,lpurcerf3@hatena.ne.jp,Female,152.44.89.203
545,Ealasaid,Bangs,ebangsf4@jiathis.com,Female,86.120.239.32
546,Garvin,Buske,gbuskef5@umich.edu,Male,77.236.188.206
547,Cedric,Sumpton,csumptonf6@delicious.com,Male,148.154.60.145
548,Stefanie,Devin,sdevinf7@irs.gov,Female,2.10.80.63
549,Tanny,Kubec,tkubecf8@nytimes.com,Male,158.46.13.125
550,Trumann,De Brett,tdebrettf9@toplist.cz,Male,88.200.6.255
551,Padget,O'Toole,potoolefa@narod.ru,Male,165.206.45.92
552,Yorgo,Chipperfield,ychipperfieldfb@imdb.com,Male,105.242.9.243
553,Kissiah,Oldred,koldredfc@weather.com,Female,245.161.75.234
554,Evita,Crommett,ecrommettfd@live.com,Female,163.230.98.83
555,Graham,Acklands,gacklandsfe@ovh.net,Male,45.246.82.2
556,Myrlene,Cowdry,mcowdryff@macromedia.com,Female,86.8.196.240
557,Farley,Kolakowski,fkolakowskifg@biblegateway.com,Male,241.63.50.107
558,Euell,Keets,ekeetsfh@msn.com,Male,131.248.208.158
559,Karrah,Record,krecordfi@constantcontact.com,Female,141.245.91.14
560,Durant,Kensall,dkensallfj@google.ca,Male,229.165.113.45
561,Andras,Fannin,afanninfk@ted.com,Male,91.199.72.37
562,Raff,Murdoch,rmurdochfl@etsy.com,Male,185.7.155.100
563,Zelda,Phil,zphilfm@princeton.edu,Female,189.190.164.98
564,Blondell,Januszewicz,bjanuszewiczfn@soup.io,Female,167.120.68.115
565,Laughton,Pinsent,lpinsentfo@twitpic.com,Male,49.140.16.252
566,Esta,Jacobsen,ejacobsenfp@squarespace.com,Female,187.48.219.216
567,Joela,Haggeth,jhaggethfq@alibaba.com,Female,107.69.164.21
568,Domenico,Ferroli,dferrolifr@geocities.com,Male,50.29.105.23
569,Mireielle,Sinney,msinneyfs@uol.com.br,Female,146.18.32.141
570,Xaviera,Cammiemile,xcammiemileft@accuweather.com,Female,85.204.169.198
571,Burton,Shrubshall,bshrubshallfu@ibm.com,Male,78.65.34.88
572,Ailsun,McDonagh,amcdonaghfv@reuters.com,Female,151.203.161.182
573,Nedda,Cattonnet,ncattonnetfw@photobucket.com,Female,100.94.80.8
574,Feliks,Constable,fconstablefx@goo.gl,Male,18.85.198.10
575,Lorenzo,Lowey,lloweyfy@google.de,Male,224.152.18.56
576,Hedvige,Rugge,hruggefz@ted.com,Female,231.227.99.112
577,Zandra,Eckert,zeckertg0@hibu.com,Female,158.35.206.192
578,Monte,Cana,mcanag1@dion.ne.jp,Male,167.66.193.240
579,Rebe,Stepney,rstepneyg2@jigsy.com,Female,61.74.166.143
580,Devondra,Harrild,dharrildg3@bluehost.com,Female,27.62.107.109
581,Hubie,Farden,hfardeng4@opensource.org,Male,115.131.249.113
582,Frannie,Keyte,fkeyteg5@tuttocitta.it,Male,97.76.140.190
583,Erena,Golsby,egolsbyg6@behance.net,Female,49.197.210.28
584,Ephrem,Cardero,ecarderog7@wired.com,Male,255.200.136.185
585,Stacy,Fishbourne,sfishbourneg8@google.nl,Female,76.50.114.147
586,Jobina,Graysmark,jgraysmarkg9@businessweek.com,Female,61.211.130.111
587,Abel,Brouwer,abrouwerga@nbcnews.com,Male,212.13.229.27
588,Rayner,Ranken,rrankengb@newyorker.com,Male,181.71.197.49
589,Baird,Ridpath,bridpathgc@bloomberg.com,Male,150.108.116.130
590,Stella,Malshinger,smalshingergd@odnoklassniki.ru,Female,71.179.200.204
591,Ailbert,Shippey,ashippeyge@engadget.com,Male,255.53.207.194
592,Wyatan,Clubley,wclubleygf@live.com,Male,74.54.22.58
593,Lance,Benzie,lbenziegg@chicagotribune.com,Male,173.159.102.50
594,Ive,Brandt,ibrandtgh@deliciousdays.com,Male,225.118.66.59
595,Gaby,Pratley,gpratleygi@archive.org,Female,222.36.184.120
596,Bobbe,Wisham,bwishamgj@live.com,Female,53.194.203.140
597,Brad,Croce,bcrocegk@usgs.gov,Male,40.214.255.114
598,Ivory,Norridge,inorridgegl@bluehost.com,Female,233.208.160.73
599,Bridgette,Geratasch,bgerataschgm@sogou.com,Female,33.88.93.224
600,Jacki,Staden,jstadengn@uiuc.edu,Female,53.32.178.245
601,Aaron,Ruger,arugergo@alibaba.com,Male,254.99.14.74
602,Christiane,Di Angelo,cdiangelogp@1688.com,Female,195.43.164.77
603,Cart,Fysh,cfyshgq@washington.edu,Male,221.242.136.157
604,Vincents,Chue,vchuegr@reuters.com,Male,167.61.104.11
605,Laurella,Ivie,liviegs@techcrunch.com,Female,101.34.14.122
606,Della,Tomney,dtomneygt@nifty.com,Female,164.144.209.227
607,Faunie,Bonaire,fbonairegu@geocities.jp,Female,140.209.55.26
608,Tera,Briddle,tbriddlegv@mail.ru,Female,195.208.37.30
609,Marney,Arrighini,marrighinigw@uiuc.edu,Female,108.101.23.88
610,Lisa,Paoletti,lpaolettigx@apple.com,Female,146.79.254.75
611,Chandal,Cahan,ccahangy@blogtalkradio.com,Female,192.199.129.150
612,Tull,Fishbie,tfishbiegz@privacy.gov.au,Male,121.108.210.96
613,Walsh,Mateo,wmateoh0@apple.com,Male,226.108.121.123
614,Kyrstin,Santhouse,ksanthouseh1@ft.com,Female,50.70.175.27
615,Moss,Kull,mkullh2@indiegogo.com,Male,134.213.75.179
616,Garrik,Mundwell,gmundwellh3@chicagotribune.com,Male,57.32.155.225
617,Francis,Mc Comb,fmccombh4@weebly.com,Male,202.92.158.25
618,Fleurette,Luparto,flupartoh5@vk.com,Female,210.226.39.228
619,Abner,Escott,aescotth6@gravatar.com,Male,214.113.240.109
620,Hendrika,Shiell,hshiellh7@moonfruit.com,Female,224.107.243.80
621,Barrie,Thresh,bthreshh8@creativecommons.org,Female,6.131.26.48
622,Chevy,Arondel,carondelh9@wikipedia.org,Male,23.82.107.95
623,Seward,Cometti,scomettiha@state.tx.us,Male,228.53.200.55
624,Johny,Domek,jdomekhb@wufoo.com,Male,209.248.252.75
625,Brande,Ianni,biannihc@nydailynews.com,Female,226.211.161.226
626,Page,Marchenko,pmarchenkohd@discuz.net,Female,188.16.152.160
627,Griffin,Brewett,gbrewetthe@technorati.com,Male,77.89.217.168
628,Sonny,Spleving,ssplevinghf@ted.com,Male,162.16.55.211
629,Gualterio,Conachie,gconachiehg@hatena.ne.jp,Male,170.131.19.171
630,Margalo,Gorger,mgorgerhh@simplemachines.org,Female,140.127.22.127
631,Rollin,Khalid,rkhalidhi@bandcamp.com,Male,204.79.75.182
632,Nilson,Toopin,ntoopinhj@amazon.co.uk,Male,178.41.188.65
633,Meggi,Charge,mchargehk@omniture.com,Female,79.152.161.221
634,Lyndsey,Alvarez,lalvarezhl@blogs.com,Female,139.107.90.188
635,Trescha,Strotone,tstrotonehm@skype.com,Female,81.78.48.124
636,Adora,Stuckford,astuckfordhn@thetimes.co.uk,Female,56.235.136.143
637,Loralyn,Wadsworth,lwadsworthho@flickr.com,Female,71.215.187.157
638,Edd,Ravenhills,eravenhillshp@bloglovin.com,Male,39.252.28.170
639,Lind,Nairns,lnairnshq@independent.co.uk,Male,117.216.192.217
640,Odo,Parram,oparramhr@cornell.edu,Male,35.149.229.74
641,Burnard,Dignon,bdignonhs@nydailynews.com,Male,184.71.74.155
642,Kyle,Sparke,ksparkeht@answers.com,Male,37.171.0.45
643,Kassandra,Newman,knewmanhu@ehow.com,Female,77.49.108.214
644,Oren,Levee,oleveehv@exblog.jp,Male,78.51.99.216
645,Sisile,Clayton,sclaytonhw@theguardian.com,Female,79.165.133.134
646,Peder,Aldington,paldingtonhx@ihg.com,Male,250.239.206.107
647,Cleve,Bradbury,cbradburyhy@pagesperso-orange.fr,Male,64.24.214.114
648,Jan,Sercombe,jsercombehz@cmu.edu,Female,28.159.225.7
649,Fielding,Prys,fprysi0@vimeo.com,Male,158.30.251.210
650,Ruthe,MacNalley,rmacnalleyi1@tinyurl.com,Female,158.221.102.174
651,Sophey,Neenan,sneenani2@abc.net.au,Female,210.96.103.41
652,Augie,Riddick,ariddicki3@umn.edu,Male,65.40.198.89
653,Issy,Eyden,ieydeni4@shutterfly.com,Female,87.222.105.86
654,Raquel,Dupree,rdupreei5@addthis.com,Female,189.149.223.112
655,Cherida,Stodd,cstoddi6@bizjournals.com,Female,71.22.188.122
656,Ash,Hritzko,ahritzkoi7@parallels.com,Male,228.58.93.251
657,Odetta,Benediktovich,obenediktovichi8@github.io,Female,142.62.49.91
658,Leisha,Americi,lamericii9@bigcartel.com,Female,164.98.74.239
659,Morty,Banham,mbanhamia@state.gov,Male,224.58.48.233
660,Jerad,Benezet,jbenezetib@discuz.net,Male,74.187.65.37
661,Ram,Liggons,rliggonsic@psu.edu,Male,29.203.98.142
662,Galina,Seczyk,gseczykid@princeton.edu,Female,107.160.245.6
663,Vassily,Shawell,vshawellie@reddit.com,Male,15.226.95.27
664,Peri,Yanov,pyanovif@furl.net,Female,204.108.168.184
665,Amalle,Tuson,atusonig@mozilla.com,Female,241.53.79.30
666,Esme,Bann,ebannih@bloomberg.com,Male,28.93.221.85
667,Valle,Pearton,vpeartonii@bluehost.com,Male,28.216.20.45
668,Otes,Golsworthy,ogolsworthyij@php.net,Male,93.183.70.247
669,Idalina,Girone,igironeik@fda.gov,Female,224.218.13.60
670,Jamison,Brobeck,jbrobeckil@yellowbook.com,Male,33.152.95.84
671,Rudiger,Lisciandro,rlisciandroim@stanford.edu,Male,154.131.255.30
672,Charlotte,Churchin,cchurchinin@columbia.edu,Female,99.96.164.121
673,Baldwin,Bollen,bbollenio@jugem.jp,Male,32.227.198.27
674,Stacie,Schriren,sschrirenip@tinyurl.com,Female,89.102.196.148
675,Velvet,Lavigne,vlavigneiq@homestead.com,Female,253.103.84.215
676,Theo,Shwenn,tshwennir@earthlink.net,Female,66.9.89.19
677,Lawrence,Hunsworth,lhunsworthis@rakuten.co.jp,Male,255.80.137.238
678,Cleve,Caccavella,ccaccavellait@arizona.edu,Male,208.121.250.235
679,Drucie,Trasler,dtrasleriu@exblog.jp,Female,71.175.230.109
680,Bobinette,Monkman,bmonkmaniv@fastcompany.com,Female,181.11.158.93
681,Helen-elizabeth,Handasyde,hhandasydeiw@craigslist.org,Female,166.240.27.183
682,Brear,Grubb,bgrubbix@nydailynews.com,Female,89.168.84.209
683,Rafael,Muschette,rmuschetteiy@ed.gov,Male,210.116.217.153
684,Brena,Gibard,bgibardiz@nsw.gov.au,Female,190.234.152.93
685,Hilary,Calles,hcallesj0@infoseek.co.jp,Male,69.150.227.61
686,Jackie,Babon,jbabonj1@unblog.fr,Female,36.40.224.156
687,Hazel,Baile,hbailej2@chron.com,Male,108.93.62.224
688,Hadlee,Hanburry,hhanburryj3@biglobe.ne.jp,Male,22.235.47.2
689,Lynn,Ifill,lifillj4@liveinternet.ru,Male,222.111.245.138
690,Danna,Brayshay,dbrayshayj5@admin.ch,Female,203.43.103.28
691,Tait,Favel,tfavelj6@github.com,Male,37.163.107.187
692,Matthew,Reddoch,mreddochj7@hp.com,Male,219.135.217.203
693,Christy,Batchelar,cbatchelarj8@booking.com,Female,115.94.102.73
694,Skippy,Muzzullo,smuzzulloj9@canalblog.com,Male,247.29.237.63
695,Arlee,Bulfield,abulfieldja@skyrock.com,Female,83.229.57.151
696,Essy,Loncaster,eloncasterjb@elpais.com,Female,92.73.247.206
697,Arman,Shillitto,ashillittojc@comcast.net,Male,2.99.231.243
698,Wrennie,Titheridge,wtitheridgejd@uiuc.edu,Female,57.247.19.5
699,Bastian,Rainon,brainonje@japanpost.jp,Male,8.58.67.8
700,Arman,Guillot,aguillotjf@barnesandnoble.com,Male,219.238.163.151
701,Marie-jeanne,Pulley,mpulleyjg@elegantthemes.com,Female,158.142.103.191
702,Nate,Astell,nastelljh@fda.gov,Male,169.249.170.130
703,Renae,Mantle,rmantleji@xrea.com,Female,247.149.14.57
704,Ezri,Holbury,eholburyjj@nationalgeographic.com,Male,47.163.221.50
705,Norby,Nelligan,nnelliganjk@instagram.com,Male,171.93.128.141
706,Marlyn,Itzchaky,mitzchakyjl@webnode.com,Female,62.149.171.137
707,Ewell,Wildes,ewildesjm@cpanel.net,Male,73.60.86.187
708,Chicky,Cheak,ccheakjn@alibaba.com,Female,184.23.163.97
709,Travers,Turban,tturbanjo@hud.gov,Male,238.2.65.236
710,Rafe,Ahmad,rahmadjp@angelfire.com,Male,14.155.118.95
711,Cortney,Wilsey,cwilseyjq@msu.edu,Female,0.136.203.168
712,Egan,Perkis,eperkisjr@gravatar.com,Male,87.10.83.67
713,Corrinne,Janew,cjanewjs@hibu.com,Female,118.24.212.176
714,Torrie,Bilby,tbilbyjt@ucoz.ru,Female,241.189.222.83
715,Tessi,Agneau,tagneauju@unicef.org,Female,65.176.91.150
716,Minetta,Whetland,mwhetlandjv@salon.com,Female,39.218.80.35
717,Ana,Bonallack,abonallackjw@ehow.com,Female,187.144.38.78
718,Branden,Kirstein,bkirsteinjx@fema.gov,Male,111.86.109.114
719,Mitchael,Gresser,mgresserjy@behance.net,Male,153.170.55.115
720,Ginger,Climar,gclimarjz@hostgator.com,Male,47.180.125.42
721,Carla,Wiggins,cwigginsk0@reddit.com,Female,181.119.142.238
722,Lavena,Jodrellec,ljodrelleck1@barnesandnoble.com,Female,0.111.184.156
723,Callean,Cranna,ccrannak2@yahoo.com,Male,217.23.98.0
724,Milka,Folger,mfolgerk3@stumbleupon.com,Female,226.138.73.121
725,Gawen,Tratton,gtrattonk4@salon.com,Male,107.61.23.91
726,Glennis,Vitet,gvitetk5@histats.com,Female,120.74.113.99
727,Aindrea,Alderton,aaldertonk6@dagondesign.com,Female,91.151.20.60
728,Tiphany,Bowmer,tbowmerk7@google.nl,Female,175.176.251.230
729,Veradis,Maunder,vmaunderk8@lycos.com,Female,142.127.173.226
730,Selie,Bales,sbalesk9@toplist.cz,Female,28.240.98.205
731,Norean,Phillips,nphillipska@vinaora.com,Female,171.240.107.236
732,Berne,Libbey,blibbeykb@discuz.net,Male,232.100.41.234
733,Aldrich,Cristofolo,acristofolokc@slideshare.net,Male,158.103.211.172
734,Jarib,Verdun,jverdunkd@archive.org,Male,114.62.243.225
735,Clementia,Simonini,csimoninike@usda.gov,Female,47.255.109.182
736,Granville,Konert,gkonertkf@msu.edu,Male,206.184.68.89
737,Garrard,Grocock,ggrocockkg@google.com.hk,Male,35.207.245.95
738,Valentino,Cadge,vcadgekh@google.com.br,Male,248.190.212.71
739,Ardys,Clipsham,aclipshamki@elpais.com,Female,96.103.176.48
740,Gwenore,Elce,gelcekj@plala.or.jp,Female,128.101.208.234
741,Gaylor,Behninck,gbehninckkk@berkeley.edu,Male,253.174.190.167
742,Thedrick,Langer,tlangerkl@purevolume.com,Male,220.25.136.231
743,Edithe,McCaughey,emccaugheykm@themeforest.net,Female,171.19.39.27
744,Warde,Adin,wadinkn@livejournal.com,Male,169.88.70.247
745,Lenore,Alsobrook,lalsobrookko@gmpg.org,Female,200.26.203.178
746,Gabrielle,Perillio,gperilliokp@bloglovin.com,Female,235.64.247.214
747,Madlin,Postan,mpostankq@addthis.com,Female,35.14.47.197
748,Anabel,Lamond,alamondkr@prnewswire.com,Female,230.89.136.105
749,Calli,Mucklestone,cmucklestoneks@jigsy.com,Female,143.76.246.192
750,Hart,Eyres,heyreskt@cyberchimps.com,Male,231.46.18.110
751,Ester,Stopforth,estopforthku@auda.org.au,Female,96.42.222.170
752,Connor,Pirnie,cpirniekv@slashdot.org,Male,63.56.196.70
753,Kelbee,Hudleston,khudlestonkw@nih.gov,Male,167.182.238.251
754,Frasier,Alkins,falkinskx@timesonline.co.uk,Male,104.215.162.177
755,Stanislas,Ranald,sranaldky@bravesites.com,Male,83.80.48.172
756,Florida,Gunton,fguntonkz@ebay.co.uk,Female,24.254.5.217
757,Brandy,Darlaston,bdarlastonl0@naver.com,Male,206.26.253.154
758,Jeffrey,Le Frank,jlefrankl1@spotify.com,Male,160.46.180.177
759,Ashbey,Dood,adoodl2@blinklist.com,Male,19.85.95.12
760,Godart,Dragon,gdragonl3@example.com,Male,64.224.237.102
761,Kore,Adne,kadnel4@prweb.com,Female,161.91.122.150
762,Jocko,Challoner,jchallonerl5@flavors.me,Male,78.15.76.34
763,Marni,Coker,mcokerl6@feedburner.com,Female,61.69.252.58
764,Allin,Gilliland,agillilandl7@thetimes.co.uk,Male,60.241.12.66
765,Adler,Treen,atreenl8@nature.com,Male,46.31.5.160
766,Ainsley,Spedroni,aspedronil9@wired.com,Female,236.120.111.56
767,Randi,Sanders,rsandersla@theglobeandmail.com,Male,221.66.174.213
768,Erek,Nice,enicelb@msu.edu,Male,216.68.93.204
769,Granthem,Freeburn,gfreeburnlc@house.gov,Male,200.213.22.255
770,Tymothy,Exroll,texrollld@pbs.org,Male,216.8.35.160
771,Jaimie,Clubley,jclubleyle@creativecommons.org,Male,186.242.246.142
772,Daisie,Dumke,ddumkelf@ebay.com,Female,107.161.239.114
773,Ellen,Beamand,ebeamandlg@dailymotion.com,Female,82.212.234.138
774,Binny,Scothorn,bscothornlh@hc360.com,Female,145.18.40.127
775,Baxie,Lappin,blappinli@opera.com,Male,30.202.153.18
776,Dawna,Blazewski,dblazewskilj@springer.com,Female,238.32.97.205
777,Reynold,McColl,rmccolllk@slideshare.net,Male,239.146.207.113
778,Bride,Kiff,bkiffll@google.pl,Female,237.166.140.181
779,Robin,Fewell,rfewelllm@odnoklassniki.ru,Male,0.65.57.252
780,Anni,Ludgate,aludgateln@zimbio.com,Female,252.190.188.167
781,Mort,Kumaar,mkumaarlo@google.ca,Male,197.238.106.62
782,Bonnibelle,Heaton,bheatonlp@sohu.com,Female,64.78.232.218
783,Hanny,Dufaire,hdufairelq@engadget.com,Female,198.129.78.121
784,Riane,Tregust,rtregustlr@theguardian.com,Female,185.169.242.119
785,Merry,De Banke,mdebankels@jalbum.net,Male,29.86.22.229
786,Emanuel,Slopier,eslopierlt@usa.gov,Male,147.97.83.193
787,Tull,Crowe,tcrowelu@timesonline.co.uk,Male,120.112.58.21
788,Evangelina,Bainton,ebaintonlv@vinaora.com,Female,86.54.130.9
789,Penny,Wallbanks,pwallbankslw@w3.org,Male,158.55.20.10
790,Pamela,Elland,pellandlx@state.gov,Female,207.90.243.148
791,Antonino,Laight,alaightly@unesco.org,Male,221.214.53.215
792,Neel,Euston,neustonlz@bloglines.com,Male,183.18.62.214
793,Lezlie,Archbold,larchboldm0@unblog.fr,Female,115.65.201.236
794,Judi,Dan,jdanm1@oakley.com,Female,49.122.101.83
795,Tedi,Deelay,tdeelaym2@php.net,Female,54.14.0.52
796,Libbey,Swedeland,lswedelandm3@indiegogo.com,Female,85.203.18.245
797,Nikolai,Provost,nprovostm4@goo.gl,Male,247.40.38.133
798,Sheree,Malkin,smalkinm5@skype.com,Female,83.32.10.109
799,Hamil,Roe,hroem6@list-manage.com,Male,43.211.199.138
800,Jonas,Everard,jeverardm7@is.gd,Male,41.189.66.65
801,Paige,Mongenot,pmongenotm8@netscape.com,Male,81.73.4.248
802,Butch,Bedder,bbedderm9@shop-pro.jp,Male,191.229.4.38
803,Ban,Berr,bberrma@mysql.com,Male,18.216.150.145
804,Wynn,Walworche,wwalworchemb@buzzfeed.com,Male,50.104.57.105
805,Jinny,Ovanesian,jovanesianmc@google.nl,Female,133.4.249.31
806,Bartholomew,Steedman,bsteedmanmd@comcast.net,Male,32.205.158.191
807,Adi,Kidston,akidstonme@studiopress.com,Female,187.87.127.178
808,Joletta,Fingleton,jfingletonmf@accuweather.com,Female,186.78.160.100
809,Hansiain,Chappelle,hchappellemg@ebay.co.uk,Male,126.67.42.8
810,Chrisy,Glendining,cglendiningmh@yahoo.com,Male,138.67.27.103
811,Linnie,Pilling,lpillingmi@github.io,Female,188.49.88.168
812,Gabby,Bareham,gbarehammj@flavors.me,Male,35.144.88.129
813,Kimbra,Kirton,kkirtonmk@rakuten.co.jp,Female,228.167.225.10
814,Rollie,Batterham,rbatterhamml@home.pl,Male,152.241.195.86
815,Clint,Mitchener,cmitchenermm@mediafire.com,Male,243.29.47.27
816,Charil,Fullylove,cfullylovemn@bloomberg.com,Female,27.236.29.195
817,Dion,Howse,dhowsemo@chicagotribune.com,Female,186.229.102.5
818,Gard,Dalzell,gdalzellmp@fastcompany.com,Male,154.19.55.61
819,Shelley,Chaperlin,schaperlinmq@sciencedirect.com,Male,95.12.142.166
820,Jerry,Richardsson,jrichardssonmr@ebay.com,Male,96.189.150.114
821,Ransom,Laffranconi,rlaffranconims@who.int,Male,21.184.121.174
822,Yule,Hurst,yhurstmt@shareasale.com,Male,168.157.255.213
823,Sidoney,Mutton,smuttonmu@feedburner.com,Female,237.219.145.219
824,Brandtr,Chaffyn,bchaffynmv@dmoz.org,Male,187.122.225.214
825,Wenonah,Prisk,wpriskmw@amazon.co.jp,Female,90.211.121.5
826,Eleanore,Lippo,elippomx@accuweather.com,Female,156.69.29.84
827,Herculie,Martschik,hmartschikmy@lycos.com,Male,219.170.25.166
828,Sibby,Deesly,sdeeslymz@auda.org.au,Female,46.71.41.229
829,Hanan,Davidowsky,hdavidowskyn0@is.gd,Male,142.109.175.228
830,Claude,Rubinsztein,crubinszteinn1@dailymotion.com,Female,78.147.156.216
831,Kally,Waller-Bridge,kwallerbridgen2@hud.gov,Female,143.65.124.78
832,Ambrose,Kleinsinger,akleinsingern3@techcrunch.com,Male,87.228.77.154
833,Millisent,Maybury,mmayburyn4@youtu.be,Female,212.49.182.187
834,Germaine,Garden,ggardenn5@purevolume.com,Male,48.142.19.182
835,Vanny,Revel,vreveln6@hhs.gov,Female,43.99.165.130
836,Trip,Antecki,tanteckin7@behance.net,Male,144.89.253.254
837,Joellyn,Jezard,jjezardn8@people.com.cn,Female,140.171.126.221
838,Eduard,Chennells,echennellsn9@yellowpages.com,Male,174.8.197.65
839,Vernice,Eilles,veillesna@nature.com,Female,29.4.140.210
840,Ediva,Gaskal,egaskalnb@bandcamp.com,Female,82.108.81.176
841,Tedie,Hearst,thearstnc@google.com.br,Male,111.228.247.128
842,Hill,Zorzenoni,hzorzenonind@bbc.co.uk,Male,59.21.29.165
843,Deloris,Serrell,dserrellne@seesaa.net,Female,214.134.153.82
844,Tandi,Mangam,tmangamnf@bigcartel.com,Female,170.38.166.210
845,Reggis,Burg,rburgng@ucla.edu,Male,187.193.165.176
846,Kennett,Mebius,kmebiusnh@nyu.edu,Male,222.46.155.32
847,Michaela,Syme,msymeni@chronoengine.com,Female,157.213.104.59
848,Eleni,Lipyeat,elipyeatnj@mysql.com,Female,181.186.242.77
849,Sascha,Dillaway,sdillawaynk@dyndns.org,Female,20.156.176.77
850,Ursa,Frape,ufrapenl@parallels.com,Female,229.168.56.195
851,Hedwig,Catlin,hcatlinnm@vimeo.com,Female,206.218.3.246
852,Floris,Cottem,fcottemnn@addthis.com,Female,36.207.66.158
853,Annaliese,Demcik,ademcikno@quantcast.com,Female,28.153.134.192
854,Iosep,O'Connor,ioconnornp@youtube.com,Male,35.111.211.30
855,Asher,Coughan,acoughannq@irs.gov,Male,95.193.41.58
856,Zsazsa,Brass,zbrassnr@disqus.com,Female,75.71.207.85
857,Aldin,Wickersley,awickersleyns@businessinsider.com,Male,165.79.154.235
858,Lukas,Sorbey,lsorbeynt@google.fr,Male,58.199.187.41
859,Marinna,Morhall,mmorhallnu@disqus.com,Female,171.87.210.241
860,Durant,Gilchrist,dgilchristnv@toplist.cz,Male,57.185.69.239
861,Bank,Vannacci,bvannaccinw@infoseek.co.jp,Male,155.139.206.48
862,Kristan,Renneke,krennekenx@addtoany.com,Female,159.59.14.111
863,Terry,Schimmang,tschimmangny@aboutads.info,Male,195.251.63.72
864,Erastus,Whiscard,ewhiscardnz@cam.ac.uk,Male,228.31.160.226
865,Alard,Fricke,africkeo0@go.com,Male,233.216.170.130
866,Karna,Bolino,kbolinoo1@pen.io,Female,226.62.31.142
867,Sula,Shrimplin,sshrimplino2@about.me,Female,200.151.160.6
868,Gaven,Darrigone,gdarrigoneo3@cbslocal.com,Male,200.116.236.101
869,Elspeth,Schulter,eschultero4@redcross.org,Female,70.91.82.53
870,Julee,Gaudin,jgaudino5@domainmarket.com,Female,87.223.42.11
871,Nickolai,Bisco,nbiscoo6@un.org,Male,45.225.16.185
872,Karola,Reppaport,kreppaporto7@parallels.com,Female,20.37.228.112
873,Nikos,Dikels,ndikelso8@diigo.com,Male,154.175.68.147
874,Charil,Impy,cimpyo9@nyu.edu,Female,219.235.40.115
875,Tobiah,Plume,tplumeoa@geocities.com,Male,194.91.231.60
876,Matteo,Uden,mudenob@sciencedirect.com,Male,251.136.148.202
877,Nat,Fitzmaurice,nfitzmauriceoc@furl.net,Male,59.11.49.200
878,Lemmy,Riccelli,lriccelliod@bloglines.com,Male,146.232.87.175
879,Zed,Dobbie,zdobbieoe@go.com,Male,103.255.143.115
880,Nigel,Feirn,nfeirnof@sfgate.com,Male,209.1.215.213
881,Gui,Philippard,gphilippardog@bloglovin.com,Female,35.42.21.21
882,Aurora,Simm,asimmoh@uol.com.br,Female,50.127.31.117
883,Washington,Fellnee,wfellneeoi@hostgator.com,Male,14.180.212.28
884,Patrizius,Puncher,ppuncheroj@simplemachines.org,Male,183.252.12.37
885,Verena,Cronin,vcroninok@cafepress.com,Female,15.157.53.218
886,Mart,Lothlorien,mlothlorienol@shinystat.com,Male,89.211.28.53
887,Felike,Quipp,fquippom@g.co,Male,43.212.163.218
888,Jemie,Turner,jturneron@wp.com,Female,84.164.169.227
889,Templeton,Radcliffe,tradcliffeoo@ezinearticles.com,Male,63.200.141.44
890,Kalle,Windle,kwindleop@freewebs.com,Male,164.73.115.167
891,Willy,Moughtin,wmoughtinoq@blogtalkradio.com,Male,96.65.197.196
892,Fanchette,Tapton,ftaptonor@topsy.com,Female,239.159.200.97
893,Burnard,Vahl,bvahlos@usnews.com,Male,168.197.73.10
894,Zach,Saunper,zsaunperot@irs.gov,Male,154.40.123.67
895,Anny,Northage,anorthageou@plala.or.jp,Female,93.228.82.6
896,Courtnay,Latore,clatoreov@wisc.edu,Male,150.44.202.185
897,Jeddy,Morecombe,jmorecombeow@infoseek.co.jp,Male,4.71.51.85
898,Stanislas,Ventom,sventomox@skype.com,Male,76.235.212.1
899,Saxon,Scneider,sscneideroy@4shared.com,Male,109.78.33.177
900,Cindy,Chasmor,cchasmoroz@over-blog.com,Female,40.211.160.165
901,Lorene,Froschauer,lfroschauerp0@who.int,Female,92.81.32.55
902,Alejoa,Feria,aferiap1@hexun.com,Male,76.89.117.37
903,Jemmie,Daffey,jdaffeyp2@businessweek.com,Female,99.55.1.239
904,Camille,Steabler,csteablerp3@huffingtonpost.com,Female,253.54.186.234
905,Mateo,O'Loghlen,mologhlenp4@flickr.com,Male,200.116.237.104
906,Stephenie,Forseith,sforseithp5@histats.com,Female,204.157.239.242
907,Seth,McPherson,smcphersonp6@ehow.com,Male,157.195.165.40
908,Heall,Turneux,hturneuxp7@artisteer.com,Male,22.11.78.118
909,Roddy,Carabet,rcarabetp8@is.gd,Male,27.74.163.53
910,Trumann,Titta,ttittap9@intel.com,Male,157.193.73.239
911,Hazlett,Pegram,hpegrampa@squarespace.com,Male,26.75.140.148
912,Omero,Franses,ofransespb@weebly.com,Male,100.150.199.119
913,Lorenzo,Collet,lcolletpc@4shared.com,Male,55.190.51.251
914,Moria,Decreuze,mdecreuzepd@census.gov,Female,18.44.202.95
915,Ailis,Beams,abeamspe@freewebs.com,Female,57.133.56.186
916,Martie,Goranov,mgoranovpf@wordpress.org,Male,4.206.101.44
917,Marsiella,Wardall,mwardallpg@microsoft.com,Female,27.207.67.198
918,Maria,McConville,mmcconvilleph@alibaba.com,Female,254.0.29.70
919,Diann,Kwiek,dkwiekpi@feedburner.com,Female,195.246.29.76
920,Westbrooke,Seydlitz,wseydlitzpj@ustream.tv,Male,22.202.244.15
921,Melessa,Donson,mdonsonpk@globo.com,Female,132.101.87.134
922,Aurelie,Donnett,adonnettpl@pinterest.com,Female,122.6.255.242
923,Lil,Gueny,lguenypm@cocolog-nifty.com,Female,235.9.163.124
924,Rosaline,McGilben,rmcgilbenpn@si.edu,Female,5.250.249.126
925,Codi,Flucks,cfluckspo@diigo.com,Male,178.1.10.211
926,Terra,Brugmann,tbrugmannpp@upenn.edu,Female,221.20.179.83
927,Colly,Colafate,ccolafatepq@aboutads.info,Female,83.230.13.7
928,Gram,Carey,gcareypr@opensource.org,Male,28.216.156.151
929,Myranda,Gookey,mgookeyps@gmpg.org,Female,66.203.120.67
930,Roosevelt,Audritt,raudrittpt@tinyurl.com,Male,196.180.89.81
931,Burg,Cuddon,bcuddonpu@time.com,Male,50.212.51.122
932,Augie,Portail,aportailpv@digg.com,Male,126.50.238.220
933,Nydia,Pickthorn,npickthornpw@youku.com,Female,162.123.82.54
934,Forster,Weddeburn - Scrimgeour,fweddeburnscrimgeourpx@twitter.com,Male,100.176.58.101
935,Chalmers,Hryskiewicz,chryskiewiczpy@gov.uk,Male,221.154.133.255
936,Olav,Sandlin,osandlinpz@youtu.be,Male,7.1.212.149
937,Janek,Lambard,jlambardq0@youku.com,Male,190.169.130.18
938,Magnum,Hubberstey,mhubbersteyq1@chicagotribune.com,Male,169.121.205.93
939,Fedora,Fairhall,ffairhallq2@e-recht24.de,Female,231.37.226.114
940,Samantha,Milleton,smilletonq3@gnu.org,Female,173.82.40.154
941,Viv,Sumshon,vsumshonq4@berkeley.edu,Female,185.83.26.119
942,Raul,Mirando,rmirandoq5@gov.uk,Male,200.215.117.91
943,Michaella,Ivimy,mivimyq6@webeden.co.uk,Female,13.167.165.84
944,Joane,Pressnell,jpressnellq7@furl.net,Female,239.27.141.7
945,Zorana,Hovel,zhovelq8@ezinearticles.com,Female,176.160.214.36
946,Harmonia,Blaxall,hblaxallq9@usatoday.com,Female,77.5.76.157
947,Wat,Gorger,wgorgerqa@imdb.com,Male,94.160.78.216
948,Zacharie,Duchateau,zduchateauqb@instagram.com,Male,21.165.127.168
949,Bryna,Beautyman,bbeautymanqc@people.com.cn,Female,122.226.176.43
950,Teodoro,Linford,tlinfordqd@amazon.co.jp,Male,25.129.185.202
951,Siffre,Ball,sballqe@wunderground.com,Male,41.241.17.94
952,Rich,Pickervance,rpickervanceqf@51.la,Male,19.2.170.65
953,Alisander,Pentecost,apentecostqg@newyorker.com,Male,154.101.137.5
954,Dianna,Guppy,dguppyqh@cloudflare.com,Female,142.73.84.238
955,Fara,Gotts,fgottsqi@google.ru,Female,131.50.196.226
956,Herbie,Orridge,horridgeqj@photobucket.com,Male,32.0.213.63
957,Meagan,Carnelley,mcarnelleyqk@newyorker.com,Female,93.111.209.118
958,Olly,Costelloe,ocostelloeql@amazonaws.com,Female,89.218.100.80
959,Hillel,Meachem,hmeachemqm@edublogs.org,Male,108.20.134.39
960,Jared,Strippel,jstrippelqn@columbia.edu,Male,153.210.206.237
961,Gaile,Wingeat,gwingeatqo@dot.gov,Male,115.151.107.97
962,Had,Scotchford,hscotchfordqp@uiuc.edu,Male,231.131.204.100
963,Donalt,MacGahy,dmacgahyqq@va.gov,Male,182.31.197.11
964,Catha,Truggian,ctruggianqr@hubpages.com,Female,21.159.181.242
965,Adelheid,Sharrier,asharrierqs@sakura.ne.jp,Female,179.253.105.68
966,Mendie,Manvell,mmanvellqt@google.de,Male,23.73.190.44
967,Lauritz,Sheraton,lsheratonqu@livejournal.com,Male,38.126.34.170
968,Gale,Kays,gkaysqv@bloomberg.com,Female,66.114.1.51
969,Kincaid,Flintuff,kflintuffqw@gravatar.com,Male,177.116.28.127
970,Lovell,Beazer,lbeazerqx@angelfire.com,Male,197.124.12.121
971,Edward,Clawsley,eclawsleyqy@jimdo.com,Male,85.47.159.7
972,Mayne,Lewins,mlewinsqz@census.gov,Male,247.41.45.20
973,Alva,Tolan,atolanr0@timesonline.co.uk,Male,188.203.151.199
974,Stephan,Webber,swebberr1@meetup.com,Male,133.16.36.12
975,Cleavland,Reuven,creuvenr2@hc360.com,Male,35.192.173.227
976,Morten,Oager,moagerr3@salon.com,Male,243.254.219.201
977,Colas,Waterfall,cwaterfallr4@list-manage.com,Male,88.154.81.183
978,Virgie,Battey,vbatteyr5@blinklist.com,Female,164.15.22.174
979,Anastassia,Uden,audenr6@bloglines.com,Female,67.149.112.173
980,Belia,Gladeche,bgladecher7@wordpress.org,Female,26.134.26.27
981,Abagael,Slowgrave,aslowgraver8@tumblr.com,Female,136.209.156.145
982,Burgess,Jefferd,bjefferdr9@howstuffworks.com,Male,181.95.61.48
983,Brod,Bosse,bbossera@census.gov,Male,8.37.197.74
984,Berke,Dimblebee,bdimblebeerb@technorati.com,Male,255.248.112.4
985,Packston,Heamus,pheamusrc@xinhuanet.com,Male,229.213.181.173
986,Yoshi,Cadden,ycaddenrd@creativecommons.org,Female,162.17.85.35
987,Jorry,Stocky,jstockyre@purevolume.com,Female,184.156.136.170
988,Danette,Primak,dprimakrf@spiegel.de,Female,98.113.254.139
989,Olympie,Steanson,osteansonrg@fema.gov,Female,121.80.207.113
990,Culver,Kivell,ckivellrh@addtoany.com,Male,147.28.245.220
991,Patricia,Lowrey,plowreyri@nationalgeographic.com,Female,183.250.67.232
992,Hobard,Ordelt,hordeltrj@comcast.net,Male,169.110.84.227
993,Fionna,Flowerdew,fflowerdewrk@reuters.com,Female,247.231.49.63
994,Free,Sey,fseyrl@soundcloud.com,Male,57.172.106.166
995,Dennis,Corrao,dcorraorm@about.me,Male,129.22.50.226
996,Casper,Chetter,cchetterrn@paypal.com,Male,100.126.40.200
997,Mandel,Tipper,mtipperro@163.com,Male,217.63.39.72
998,Phip,Eye,peyerp@independent.co.uk,Male,188.114.248.62
999,Creighton,Jayme,cjaymerq@oakley.com,Male,102.203.23.104
1000,Munroe,Ambroziak,mambroziakrr@go.com,Male,158.201.245.142
