id,first_name,last_name,email,gender,ip_address
1,Aurlie,Murkus,amurkus0@fotki.com,Female,54.230.90.218
2,Tim,Duignan,tduignan1@utexas.edu,Male,141.152.75.1
3,Susannah,Kuzma,skuzma2@google.com.au,Female,72.190.254.245
4,Corliss,Woodvine,cwoodvine3@smh.com.au,Female,135.42.235.243
5,Bard,Meaden,bmeaden4@nifty.com,Male,64.16.52.221
6,Kelley,People,kpeople5@tiny.cc,Female,165.99.113.9
7,Cyndie,Cruikshank,ccruikshank6@xing.com,Female,217.40.141.215
8,Josee,Goslin,jgoslin7@theglobeandmail.com,Female,50.175.158.85
9,Reinaldos,Costelow,rcostelow8@cnn.com,Male,56.206.89.217
10,Niel,Panting,npanting9@comsenz.com,Male,96.192.224.0
11,Emma,Mitrovic,emitrovica@comcast.net,Female,22.68.25.34
12,Dorrie,Fyall,dfyallb@cnbc.com,Female,196.169.106.93
13,Esteban,Christauffour,echristauffourc@myspace.com,Male,240.181.213.220
14,Haydon,Noraway,hnorawayd@w3.org,Male,61.176.3.94
15,Tarah,Nattriss,tnattrisse@dedecms.com,Female,12.162.150.6
16,La verne,Kingsbury,lkingsburyf@smugmug.com,Female,91.10.91.74
17,Margret,Roberto,mrobertog@weibo.com,Female,241.151.218.150
18,Dionisio,Matyukon,dmatyukonh@illinois.edu,Male,45.177.110.166
19,Melicent,Thame,mthamei@google.fr,Female,142.136.247.191
20,Harriette,Whatham,hwhathamj@bravesites.com,Female,151.41.104.236
21,Dore,Frosch,dfroschk@miitbeian.gov.cn,Female,122.156.128.197
22,Oriana,Wannell,owannelll@histats.com,Female,24.30.163.124
23,Franklin,Wrefford,fwreffordm@cisco.com,Male,16.29.196.240
24,Vin,McAlarney,vmcalarneyn@nasa.gov,Female,105.120.10.34
25,Frank,Denington,fdeningtono@dell.com,Male,172.117.15.35
26,Zollie,Catterall,zcatterallp@netlog.com,Male,170.225.195.148
27,Terrye,Richardet,trichardetq@cbslocal.com,Female,115.23.27.78
28,Geralda,Pallatina,gpallatinar@godaddy.com,Female,142.49.60.37
29,Rossy,Bampfield,rbampfields@sciencedaily.com,Male,71.228.59.17
30,Nelli,Speedy,nspeedyt@ehow.com,Female,31.87.233.95
31,Loni,Sconce,lsconceu@free.fr,Female,35.210.233.214
32,Lowrance,Harrow,lharrowv@hibu.com,Male,216.76.121.157
33,Paddie,Shelmardine,pshelmardinew@hao123.com,Male,5.218.106.119
34,Peri,de Aguirre,pdeaguirrex@hc360.com,Female,178.251.237.14
35,Jacqueline,Matz,jmatzy@mozilla.org,Female,254.134.115.30
36,Celestia,Pinel,cpinelz@etsy.com,Female,53.144.198.64
37,Linn,Phonix,lphonix10@npr.org,Female,235.227.246.169
38,Inge,Burnell,iburnell11@chicagotribune.com,Female,120.147.137.143
39,Forbes,Ritzman,fritzman12@vk.com,Male,217.84.62.239
40,Carol,Waterstone,cwaterstone13@youku.com,Female,119.129.136.133
41,Bonny,Matyushkin,bmatyushkin14@creativecommons.org,Female,119.214.35.185
42,Harlin,Burree,hburree15@sciencedaily.com,Male,233.227.133.248
43,Markos,Morsley,mmorsley16@1688.com,Male,151.1.110.86
44,Harri,Turk,hturk17@theglobeandmail.com,Female,172.181.132.143
45,Dannie,Peidro,dpeidro18@house.gov,Female,180.213.170.190
46,Cassi,Faint,cfaint19@stanford.edu,Female,200.2.96.4
47,Moina,Kilbride,mkilbride1a@xinhuanet.com,Female,66.178.74.221
48,Farlee,Matas,fmatas1b@census.gov,Male,55.54.100.206
49,Hattie,Dumbleton,hdumbleton1c@google.com.hk,Female,14.191.130.80
50,Alasdair,Tassell,atassell1d@163.com,Male,69.148.104.56
51,Hy,Herreran,hherreran1e@moonfruit.com,Male,173.165.156.203
52,Ingar,Delamere,idelamere1f@trellian.com,Male,11.160.243.68
53,Ingunna,Pockey,ipockey1g@constantcontact.com,Female,222.8.71.95
54,Gae,Tett,gtett1h@blogtalkradio.com,Female,115.137.137.75
55,Gustavo,Pendleton,gpendleton1i@tinypic.com,Male,36.128.249.70
56,Barde,Grendon,bgrendon1j@baidu.com,Male,126.44.21.114
57,Fredra,Abbie,fabbie1k@tiny.cc,Female,156.7.211.8
58,Starlin,Schout,sschout1l@businesswire.com,Female,198.251.7.144
59,Isidor,Lefeaver,ilefeaver1m@pen.io,Male,236.78.0.163
60,Odelle,Kanter,okanter1n@skyrock.com,Female,137.38.77.45
61,Glennie,Wrankling,gwrankling1o@google.com,Female,177.99.147.35
62,Angelica,Leavey,aleavey1p@imageshack.us,Female,47.233.202.103
63,Franz,Stockell,fstockell1q@diigo.com,Male,106.89.255.228
64,Clarice,Antonomoli,cantonomoli1r@nsw.gov.au,Female,40.103.20.119
65,Deck,Choake,dchoake1s@imgur.com,Male,86.82.18.200
66,Odilia,Laugheran,olaugheran1t@ca.gov,Female,9.249.172.130
67,Barri,Wasling,bwasling1u@pagesperso-orange.fr,Male,218.187.218.63
68,Taddeusz,Covil,tcovil1v@ihg.com,Male,218.79.34.38
69,Meaghan,Hartzenberg,mhartzenberg1w@goo.ne.jp,Female,143.202.206.162
70,Bibbie,Persicke,bpersicke1x@google.nl,Female,103.150.204.250
71,Nora,Odam,nodam1y@sbwire.com,Female,200.246.44.43
72,Evie,Curteis,ecurteis1z@shop-pro.jp,Female,239.141.78.231
73,Laura,Learmouth,llearmouth20@discovery.com,Female,137.195.79.111
74,Gus,Philimore,gphilimore21@latimes.com,Male,192.206.120.111
75,Yves,Bohje,ybohje22@europa.eu,Male,217.169.169.1
76,Grant,Arden,garden23@soup.io,Male,239.155.66.191
77,Eugen,Castaner,ecastaner24@nydailynews.com,Male,217.46.236.143
78,Caroljean,Gerok,cgerok25@chron.com,Female,52.214.36.220
79,Beltran,Cauthra,bcauthra26@fastcompany.com,Male,216.150.159.56
80,Pepi,Lissimore,plissimore27@reference.com,Female,248.145.41.193
81,Rubina,Rayne,rrayne28@tamu.edu,Female,53.91.137.193
82,Jacquetta,Jaze,jjaze29@stumbleupon.com,Female,216.120.182.67
83,Pooh,Masdin,pmasdin2a@hp.com,Female,29.62.191.249
84,Fee,Hentzer,fhentzer2b@mozilla.org,Male,23.250.228.8
85,Brena,Paragreen,bparagreen2c@webeden.co.uk,Female,186.114.218.51
86,Carolann,Wollard,cwollard2d@behance.net,Female,63.246.251.91
87,Antonius,Anscombe,aanscombe2e@prweb.com,Male,173.8.254.214
88,Desmond,Plaschke,dplaschke2f@disqus.com,Male,94.130.224.217
89,Stace,Attenbarrow,sattenbarrow2g@imgur.com,Female,168.169.180.88
90,Joshia,McGillivray,jmcgillivray2h@oaic.gov.au,Male,127.56.215.155
91,Jeromy,Kevis,jkevis2i@dailymotion.com,Male,21.232.1.152
92,Ramsay,Zwicker,rzwicker2j@exblog.jp,Male,220.41.7.39
93,Harv,Burston,hburston2k@wiley.com,Male,123.166.155.118
94,Hermon,Beagin,hbeagin2l@t-online.de,Male,126.147.190.185
95,Lodovico,Costelow,lcostelow2m@ed.gov,Male,164.150.124.30
96,Keslie,Egarr,kegarr2n@meetup.com,Female,1.64.109.105
97,Beret,Castanyer,bcastanyer2o@aboutads.info,Female,183.53.52.217
98,Vinny,Woloschinski,vwoloschinski2p@soundcloud.com,Female,30.96.142.114
99,Fayre,O'Sharkey,fosharkey2q@unc.edu,Female,22.123.136.71
100,Olly,Burmingham,oburmingham2r@webs.com,Male,136.201.189.63
101,Ruperto,Toppas,rtoppas2s@networksolutions.com,Male,112.152.239.8
102,Trudey,Douche,tdouche2t@chron.com,Female,39.70.123.173
103,Alejandra,Wigin,awigin2u@huffingtonpost.com,Female,63.247.21.37
104,Stormie,Chivers,schivers2v@independent.co.uk,Female,20.194.161.66
105,Beret,Cripin,bcripin2w@biglobe.ne.jp,Female,107.89.108.162
106,Hilarius,Conigsby,hconigsby2x@imageshack.us,Male,34.169.189.44
107,Lainey,Darth,ldarth2y@youku.com,Female,132.9.176.41
108,Drusi,Brickwood,dbrickwood2z@about.com,Female,235.71.121.149
109,Clio,Farndon,cfarndon30@biglobe.ne.jp,Female,200.141.58.81
110,Kirsten,Willingam,kwillingam31@devhub.com,Female,180.170.118.127
111,Walton,Gianuzzi,wgianuzzi32@meetup.com,Male,209.246.136.43
112,Bancroft,Wahlberg,bwahlberg33@list-manage.com,Male,46.197.125.202
113,Burt,Conti,bconti34@sitemeter.com,Male,243.119.27.175
114,Gonzales,Titt,gtitt35@miibeian.gov.cn,Male,253.48.40.61
115,Minetta,Matousek,mmatousek36@sbwire.com,Female,159.200.63.253
116,Annissa,Chomley,achomley37@psu.edu,Female,134.243.222.220
117,Otis,Wateridge,owateridge38@amazonaws.com,Male,241.220.14.37
118,Kally,Eary,keary39@mapy.cz,Female,238.92.85.192
119,Stepha,Hoodspeth,shoodspeth3a@mayoclinic.com,Female,40.203.162.248
120,Beniamino,Duffit,bduffit3b@blogs.com,Male,216.50.69.6
121,Tobiah,Haskett,thaskett3c@geocities.com,Male,30.241.180.56
122,Farlee,Stranio,fstranio3d@odnoklassniki.ru,Male,17.73.180.109
123,Jannelle,Harrison,jharrison3e@usda.gov,Female,198.21.143.220
124,Rori,Oliff,roliff3f@cornell.edu,Female,148.173.241.36
125,Denys,Congreave,dcongreave3g@amazonaws.com,Male,253.126.26.82
126,Chrisse,Donohue,cdonohue3h@unicef.org,Male,70.125.83.6
127,Israel,Needs,ineeds3i@sourceforge.net,Male,48.13.245.23
128,Robyn,Pilmer,rpilmer3j@tripadvisor.com,Female,35.127.154.162
129,Meier,Eisold,meisold3k@redcross.org,Male,207.41.217.118
130,Evie,Titmus,etitmus3l@tinypic.com,Female,100.84.64.83
131,Dyna,Ratt,dratt3m@typepad.com,Female,76.78.220.119
132,Conway,Musson,cmusson3n@businesswire.com,Male,13.2.7.61
133,Meryl,Beverage,mbeverage3o@wordpress.org,Male,251.68.234.81
134,Patrizio,Frowde,pfrowde3p@auda.org.au,Male,65.192.6.135
135,Husein,Persey,hpersey3q@xinhuanet.com,Male,89.179.80.108
136,Tedd,Dragge,tdragge3r@intel.com,Male,43.210.211.178
137,Trever,Voff,tvoff3s@fc2.com,Male,159.207.14.93
138,Frieda,Frarey,ffrarey3t@slashdot.org,Female,143.14.45.10
139,Inesita,Govern,igovern3u@squidoo.com,Female,221.67.110.2
140,Hi,Pattenden,hpattenden3v@diigo.com,Male,95.97.104.46
141,Pascale,Mandrake,pmandrake3w@goo.gl,Male,171.110.103.229
142,Jefferey,Sargint,jsargint3x@disqus.com,Male,146.211.15.128
143,Terrance,MacNeachtain,tmacneachtain3y@skyrock.com,Male,29.224.149.173
144,Ferdie,Armatidge,farmatidge3z@epa.gov,Male,130.150.86.110
145,Griffith,Workes,gworkes40@tamu.edu,Male,173.244.17.124
146,Durant,Clutton,dclutton41@sfgate.com,Male,195.58.44.7
147,Nicolis,Klimsch,nklimsch42@blogs.com,Male,1.229.197.151
148,Chrissy,Scedall,cscedall43@shutterfly.com,Female,26.248.140.4
149,Abran,Blincowe,ablincowe44@about.com,Male,9.163.95.147
150,Amaleta,Byer,abyer45@gmpg.org,Female,6.137.141.202
151,Jeff,Havard,jhavard46@meetup.com,Male,63.135.217.102
152,Michale,Danielou,mdanielou47@gnu.org,Male,253.26.183.96
153,Lil,Darragon,ldarragon48@google.es,Female,38.252.89.97
154,Christa,Fielders,cfielders49@vimeo.com,Female,188.82.112.113
155,Chic,Rowlatt,crowlatt4a@gravatar.com,Male,81.16.147.89
156,Pate,Marchment,pmarchment4b@dmoz.org,Male,169.170.1.69
157,Sigismundo,Jevons,sjevons4c@tinypic.com,Male,218.93.152.191
158,Charlotte,Fasson,cfasson4d@hubpages.com,Female,198.98.7.56
159,Darb,Hullin,dhullin4e@csmonitor.com,Female,105.73.54.4
160,Virgina,Hierro,vhierro4f@umn.edu,Female,166.145.175.134
161,Trenton,Excell,texcell4g@i2i.jp,Male,239.168.71.181
162,Devy,Culver,dculver4h@dropbox.com,Male,216.88.90.72
163,Jackson,De Wolfe,jdewolfe4i@cafepress.com,Male,213.230.35.131
164,Arther,Farnin,afarnin4j@51.la,Male,100.207.89.45
165,Fancie,Rosso,frosso4k@istockphoto.com,Female,56.63.229.170
166,Lorin,Hoodspeth,lhoodspeth4l@miitbeian.gov.cn,Male,35.13.227.124
167,Zedekiah,Bedinham,zbedinham4m@goodreads.com,Male,69.165.164.235
168,Levon,Cuniam,lcuniam4n@miibeian.gov.cn,Male,6.60.205.176
169,Stephani,Heffer,sheffer4o@sun.com,Female,221.173.9.240
170,Loutitia,Wisden,lwisden4p@i2i.jp,Female,124.246.116.40
171,Martyn,de Castelain,mdecastelain4q@imageshack.us,Male,182.204.183.224
172,Dory,Deverose,ddeverose4r@ning.com,Male,154.114.64.10
173,Granville,Baile,gbaile4s@slideshare.net,Male,47.215.123.29
174,Xymenes,Philps,xphilps4t@dot.gov,Male,131.45.97.178
175,Waldo,Queen,wqueen4u@about.com,Male,187.245.1.165
176,Bruce,Seal,bseal4v@shop-pro.jp,Male,154.77.147.134
177,Oliviero,Crowden,ocrowden4w@wsj.com,Male,116.142.230.145
178,Lewie,Kertess,lkertess4x@lulu.com,Male,102.126.234.55
179,Oswald,Flatt,oflatt4y@redcross.org,Male,157.238.30.107
180,Myca,Feasby,mfeasby4z@twitpic.com,Male,101.148.160.5
181,Caprice,FitzGibbon,cfitzgibbon50@cnbc.com,Female,30.70.25.136
182,Jule,Hutson,jhutson51@xinhuanet.com,Male,8.184.40.28
183,Antonina,Dioniso,adioniso52@dell.com,Female,138.108.15.41
184,Bryanty,Instock,binstock53@apple.com,Male,44.113.108.189
185,Lorette,Eckels,leckels54@omniture.com,Female,230.130.19.9
186,Jefferey,Cheetham,jcheetham55@ft.com,Male,142.157.13.3
187,Vannie,Mackelworth,vmackelworth56@thetimes.co.uk,Female,119.180.106.242
188,Stephana,Wasling,swasling57@amazon.co.uk,Female,65.140.7.63
189,Georgy,Linbohm,glinbohm58@reddit.com,Male,219.120.116.34
190,Richie,Hymans,rhymans59@i2i.jp,Male,209.38.29.206
191,Dalis,Ziehm,dziehm5a@wp.com,Male,129.181.242.199
192,Suki,Tebbs,stebbs5b@woothemes.com,Female,20.164.231.208
193,Alecia,Gansbuhler,agansbuhler5c@nbcnews.com,Female,50.227.66.156
194,Trudey,Ingamells,tingamells5d@google.co.jp,Female,23.72.50.221
195,Lena,Drew-Clifton,ldrewclifton5e@java.com,Female,91.115.110.82
196,Kevon,Cockran,kcockran5f@webs.com,Male,38.35.233.148
197,Hermie,Brimicombe,hbrimicombe5g@umn.edu,Male,97.99.101.102
198,Hillie,Cutress,hcutress5h@narod.ru,Male,22.202.186.203
199,Morse,McNicol,mmcnicol5i@yellowbook.com,Male,192.68.175.40
200,Hugibert,Zoephel,hzoephel5j@zdnet.com,Male,242.129.157.11
201,Nelle,Keemer,nkeemer5k@1688.com,Female,69.118.109.178
202,Karlotte,Paradis,kparadis5l@youku.com,Female,69.115.215.25
203,Elfrida,Esser,eesser5m@loc.gov,Female,45.23.82.29
204,Romy,Belfield,rbelfield5n@sitemeter.com,Female,83.241.239.208
205,Francine,Eam,feam5o@ucla.edu,Female,233.155.17.139
206,Donaugh,Wollaston,dwollaston5p@about.com,Male,34.3.136.197
207,Hesther,Bunning,hbunning5q@imageshack.us,Female,149.42.185.34
208,Leonora,Gamlen,lgamlen5r@amazon.co.jp,Female,76.8.163.93
209,Ellis,Pendlington,ependlington5s@phpbb.com,Male,112.42.3.38
210,Pooh,Brunsden,pbrunsden5t@marriott.com,Female,71.107.211.94
211,Rolph,Fairnington,rfairnington5u@oracle.com,Male,149.250.245.16
212,Cristionna,Fermor,cfermor5v@indiatimes.com,Female,242.208.63.22
213,Cheston,Emberson,cemberson5w@tripadvisor.com,Male,40.105.90.133
214,Rochester,Wakley,rwakley5x@youku.com,Male,119.73.179.255
215,Rees,Skule,rskule5y@biblegateway.com,Male,216.137.5.6
216,Tommy,Brockhouse,tbrockhouse5z@delicious.com,Female,60.225.190.105
217,Matty,Maguire,mmaguire60@amazonaws.com,Male,216.58.23.247
218,Dennet,Lovelady,dlovelady61@sun.com,Male,117.15.194.208
219,Innis,Carloni,icarloni62@delicious.com,Male,239.141.78.5
220,Barnard,Heap,bheap63@craigslist.org,Male,62.27.192.27
221,Asia,Kolak,akolak64@nifty.com,Female,25.77.228.175
222,Bertine,Tandy,btandy65@ehow.com,Female,246.227.134.113
223,Charisse,Nutting,cnutting66@telegraph.co.uk,Female,221.217.241.176
224,Nataline,Clackson,nclackson67@soup.io,Female,229.158.221.82
225,Layla,Fearnyhough,lfearnyhough68@wordpress.org,Female,26.216.106.107
226,Garold,Mundee,gmundee69@sun.com,Male,167.71.221.245
227,Sara-ann,Saylor,ssaylor6a@surveymonkey.com,Female,130.246.238.137
228,Maren,Drohane,mdrohane6b@goodreads.com,Female,230.73.254.135
229,Gibby,Hames,ghames6c@twitter.com,Male,142.215.103.207
230,Fairleigh,Roderighi,froderighi6d@yellowbook.com,Male,254.123.72.85
231,Catlee,Button,cbutton6e@squarespace.com,Female,56.150.118.205
232,Tyne,Pearmain,tpearmain6f@elegantthemes.com,Female,18.124.175.48
233,Diarmid,Menlow,dmenlow6g@baidu.com,Male,46.62.107.89
234,Frederigo,Simonich,fsimonich6h@netlog.com,Male,60.61.144.197
235,Burnaby,Tomlins,btomlins6i@freewebs.com,Male,158.149.179.137
236,Lukas,Starie,lstarie6j@lulu.com,Male,251.219.88.246
237,Liva,Botley,lbotley6k@omniture.com,Female,239.114.195.202
238,Aliza,Riha,ariha6l@odnoklassniki.ru,Female,150.143.68.200
239,Temp,Jagielski,tjagielski6m@acquirethisname.com,Male,99.62.2.64
240,Rhea,Coleyshaw,rcoleyshaw6n@umich.edu,Female,209.62.200.34
241,Temple,Longmead,tlongmead6o@weebly.com,Male,148.93.21.137
242,Jan,Monger,jmonger6p@ca.gov,Male,22.49.245.226
243,Joletta,Wherrett,jwherrett6q@smh.com.au,Female,2.120.153.96
244,Bartholomeus,Casserley,bcasserley6r@hatena.ne.jp,Male,53.188.122.144
245,Reade,Burress,rburress6s@godaddy.com,Male,69.227.53.179
246,Mayne,Chislett,mchislett6t@ezinearticles.com,Male,178.251.99.241
247,Chicky,Mitton,cmitton6u@liveinternet.ru,Male,1.158.52.147
248,Silvanus,Olding,solding6v@craigslist.org,Male,60.38.32.71
249,Lydie,Halston,lhalston6w@dmoz.org,Female,180.121.13.194
250,Cahra,Flux,cflux6x@360.cn,Female,157.41.101.47
251,Bent,Rowan,browan6y@go.com,Male,111.93.37.123
252,Tami,Bogart,tbogart6z@rakuten.co.jp,Female,144.144.48.180
253,Nap,Alejandro,nalejandro70@apple.com,Male,125.160.179.21
254,Whitman,Gaydon,wgaydon71@dyndns.org,Male,141.241.138.138
255,Fidel,Cairney,fcairney72@vk.com,Male,220.134.254.57
256,Dela,Legerwood,dlegerwood73@boston.com,Female,76.140.78.205
257,Eustace,Cisland,ecisland74@fda.gov,Male,205.19.63.241
258,Phyllys,Farre,pfarre75@elegantthemes.com,Female,252.193.94.147
259,Francisca,Glowacz,fglowacz76@phoca.cz,Female,251.68.231.100
260,Kristine,Speere,kspeere77@skype.com,Female,87.172.155.246
261,Sergent,Gammidge,sgammidge78@wikispaces.com,Male,205.224.149.169
262,Pam,Brien,pbrien79@seesaa.net,Female,93.193.12.81
263,Louis,Chopy,lchopy7a@shareasale.com,Male,13.164.185.171
264,Elladine,Cockrell,ecockrell7b@cdc.gov,Female,10.239.255.74
265,Wash,Conybear,wconybear7c@fotki.com,Male,67.205.240.16
266,Rafferty,Rubinshtein,rrubinshtein7d@bloglines.com,Male,110.220.81.113
267,Rhea,Hovey,rhovey7e@instagram.com,Female,235.137.84.71
268,Rey,Windibank,rwindibank7f@mozilla.org,Female,25.211.170.65
269,Teodoro,Kensitt,tkensitt7g@shinystat.com,Male,47.174.175.186
270,Reid,Doddridge,rdoddridge7h@state.tx.us,Male,27.97.227.245
271,Bax,Buick,bbuick7i@china.com.cn,Male,154.150.10.232
272,Ashlin,Cowburn,acowburn7j@adobe.com,Male,152.37.106.122
273,Ward,Perschke,wperschke7k@google.com.hk,Male,59.4.159.228
274,Dayle,Hazlehurst,dhazlehurst7l@spiegel.de,Female,205.230.149.114
275,Charissa,Ramstead,cramstead7m@mit.edu,Female,76.64.201.113
276,Arvy,Bett,abett7n@chicagotribune.com,Male,103.55.45.128
277,Homer,Stirland,hstirland7o@netvibes.com,Male,173.119.153.254
278,Shandra,Foxworthy,sfoxworthy7p@microsoft.com,Female,253.203.173.249
279,Ogden,Labusch,olabusch7q@seattletimes.com,Male,193.7.12.141
280,Dillie,Wheway,dwheway7r@dropbox.com,Male,43.212.161.32
281,Loy,Pauletto,lpauletto7s@who.int,Male,72.206.109.232
282,Konstance,Sturdgess,ksturdgess7t@1688.com,Female,60.160.26.232
283,Deina,Vertey,dvertey7u@loc.gov,Female,39.138.113.210
284,Guglielmo,Baudinet,gbaudinet7v@godaddy.com,Male,75.177.150.55
285,Morty,Wilmot,mwilmot7w@guardian.co.uk,Male,93.69.132.177
286,Megen,Kubin,mkubin7x@reuters.com,Female,176.135.99.78
287,Annadiane,Gubbin,agubbin7y@blogtalkradio.com,Female,188.59.31.55
288,Victoir,Jacketts,vjacketts7z@phoca.cz,Male,139.222.126.229
289,Dilan,Koppens,dkoppens80@people.com.cn,Male,173.215.98.77
290,Sonnnie,Bousler,sbousler81@globo.com,Female,51.8.133.1
291,Melisenda,Colisbe,mcolisbe82@arstechnica.com,Female,227.141.77.139
292,Humbert,Beverage,hbeverage83@posterous.com,Male,132.254.60.142
293,Edmon,Simononsky,esimononsky84@amazon.de,Male,103.9.69.15
294,Hewet,Farington,hfarington85@about.com,Male,174.222.255.140
295,Tiff,Housegoe,thousegoe86@google.com.br,Female,48.132.186.213
296,Hillier,Liversley,hliversley87@economist.com,Male,143.113.253.251
297,Ira,Grout,igrout88@wunderground.com,Female,196.80.212.107
298,Grantham,Giannassi,ggiannassi89@phpbb.com,Male,34.176.25.15
299,Haslett,Elderton,helderton8a@so-net.ne.jp,Male,22.65.93.201
300,Hillary,Baselli,hbaselli8b@naver.com,Male,209.238.121.233
301,Albrecht,Ortner,aortner8c@tripadvisor.com,Male,161.208.136.53
302,Randy,Elverston,relverston8d@icq.com,Male,185.195.91.246
303,Brand,Risbie,brisbie8e@wikispaces.com,Male,88.232.88.30
304,Neille,Phelan,nphelan8f@addthis.com,Female,178.72.8.87
305,Randy,Keaveny,rkeaveny8g@google.com.au,Female,58.25.9.12
306,Matilde,Heater,mheater8h@reddit.com,Female,142.58.230.227
307,Alexine,Anmore,aanmore8i@businesswire.com,Female,54.79.82.10
308,Addie,Du Pre,adupre8j@etsy.com,Male,37.134.92.51
309,Kori,Margerrison,kmargerrison8k@ifeng.com,Female,179.255.251.39
310,Isabeau,McLevie,imclevie8l@twitpic.com,Female,211.9.187.64
311,Tiffanie,Aronov,taronov8m@qq.com,Female,250.137.17.111
312,Puff,Alesio,palesio8n@amazon.com,Male,154.233.155.2
313,Dannie,Gammidge,dgammidge8o@ted.com,Female,115.125.216.78
314,Reynold,MacEllen,rmacellen8p@photobucket.com,Male,132.69.17.217
315,Anett,Niles,aniles8q@trellian.com,Female,65.255.179.110
316,Patrick,Pryke,ppryke8r@ucoz.ru,Male,170.210.32.57
317,Stacey,Gregorio,sgregorio8s@soup.io,Female,111.5.84.233
318,Lindsy,Tattersdill,ltattersdill8t@liveinternet.ru,Female,94.162.66.36
319,Sena,Cake,scake8u@fc2.com,Female,51.162.17.86
320,Tabina,Skipworth,tskipworth8v@oakley.com,Female,121.2.45.184
321,Ashby,Dearness,adearness8w@indiegogo.com,Male,252.43.165.95
322,Blythe,Benjafield,bbenjafield8x@eventbrite.com,Female,6.158.137.85
323,Lannie,Rowles,lrowles8y@google.de,Male,21.166.90.72
324,Craig,Highton,chighton8z@ameblo.jp,Male,54.219.27.151
325,Wright,Le Estut,wleestut90@shop-pro.jp,Male,207.62.194.74
326,Adelaide,Linggood,alinggood91@mozilla.com,Female,233.2.133.187
327,Gussi,Cantopher,gcantopher92@deliciousdays.com,Female,128.239.22.61
328,Judas,Pitcaithly,jpitcaithly93@exblog.jp,Male,94.117.56.89
329,Efren,Freeburn,efreeburn94@sakura.ne.jp,Male,192.39.123.92
330,Ring,Woolner,rwoolner95@yelp.com,Male,128.175.150.204
331,Theresina,Balbeck,tbalbeck96@dell.com,Female,239.159.53.43
332,Natala,Kos,nkos97@earthlink.net,Female,103.33.108.239
333,Jacynth,Baldrick,jbaldrick98@jimdo.com,Female,76.196.143.78
334,Erna,Chicco,echicco99@wp.com,Female,5.170.137.186
335,Jephthah,Senyard,jsenyard9a@51.la,Male,106.156.25.33
336,Averil,Shann,ashann9b@ask.com,Female,181.223.92.46
337,Justin,Ewbanke,jewbanke9c@storify.com,Male,130.43.190.4
338,Westleigh,Barreau,wbarreau9d@ovh.net,Male,176.19.2.225
339,Maureen,Ansty,mansty9e@eepurl.com,Female,90.42.203.1
340,Homer,De Freyne,hdefreyne9f@dailymotion.com,Male,127.167.34.94
341,Pip,Blyth,pblyth9g@liveinternet.ru,Male,141.145.142.214
342,Dorothea,Kleinstern,dkleinstern9h@qq.com,Female,114.91.90.84
343,Simeon,Buer,sbuer9i@diigo.com,Male,191.79.189.215
344,Denis,Verrick,dverrick9j@ucoz.ru,Male,89.141.129.209
345,Jobina,Rapsey,jrapsey9k@cocolog-nifty.com,Female,156.109.185.182
346,Lorianna,Pordall,lpordall9l@oracle.com,Female,172.85.117.79
347,Donall,Pershouse,dpershouse9m@vkontakte.ru,Male,255.13.119.182
348,Sib,Shiliton,sshiliton9n@ezinearticles.com,Female,109.190.220.9
349,Demetre,Tennant,dtennant9o@va.gov,Male,76.143.199.220
350,Mario,Christmas,mchristmas9p@altervista.org,Male,117.205.128.76
351,Katha,Purviss,kpurviss9q@cbsnews.com,Female,175.92.90.155
352,Derron,MacQuarrie,dmacquarrie9r@usnews.com,Male,147.194.59.12
353,Francesco,Baccup,fbaccup9s@github.io,Male,116.105.199.229
354,Hadlee,Herion,hherion9t@cyberchimps.com,Male,56.149.62.189
355,Danella,Puller,dpuller9u@yahoo.co.jp,Female,41.147.212.85
356,Chev,Dobble,cdobble9v@meetup.com,Male,82.24.123.17
357,Kimbra,Spinnace,kspinnace9w@g.co,Female,132.99.121.5
358,Nadia,Harnett,nharnett9x@nps.gov,Female,120.244.176.161
359,Jarvis,Firk,jfirk9y@vimeo.com,Male,26.163.66.16
360,Dionne,Spellworth,dspellworth9z@quantcast.com,Female,50.108.126.145
361,Christian,Goakes,cgoakesa0@guardian.co.uk,Female,152.183.26.11
362,Paten,Daveley,pdaveleya1@blogtalkradio.com,Male,19.64.156.142
363,Cece,Chevalier,cchevaliera2@state.gov,Male,59.96.61.214
364,Lonnard,Kynder,lkyndera3@discovery.com,Male,67.233.50.239
365,Barbee,Simmens,bsimmensa4@github.io,Female,188.250.228.77
366,Anjela,Domerq,adomerqa5@mtv.com,Female,129.131.50.200
367,Winni,Ganny,wgannya6@disqus.com,Female,233.140.47.131
368,Bev,Marder,bmardera7@cdbaby.com,Female,242.105.5.73
369,Lonni,MacDermid,lmacdermida8@ezinearticles.com,Female,113.118.59.94
370,Bank,Tour,btoura9@acquirethisname.com,Male,167.33.170.238
371,Trudi,Hugonneau,thugonneauaa@marketwatch.com,Female,53.185.94.216
372,Gabey,Boss,gbossab@php.net,Female,34.186.49.208
373,Millicent,Splevin,msplevinac@so-net.ne.jp,Female,86.129.18.138
374,Seward,Mangan,smanganad@addtoany.com,Male,50.155.71.27
375,Celle,Marlowe,cmarloweae@ycombinator.com,Female,73.130.188.125
376,Ev,Erswell,eerswellaf@free.fr,Male,221.168.136.32
377,Herbert,Collidge,hcollidgeag@xrea.com,Male,147.169.193.136
378,Gerald,Lintot,glintotah@house.gov,Male,6.177.31.8
379,Culver,Finlaison,cfinlaisonai@pinterest.com,Male,170.162.70.121
380,Lavina,Alders,laldersaj@cloudflare.com,Female,150.207.172.121
381,Larina,Naptin,lnaptinak@ucla.edu,Female,119.251.92.187
382,Eben,Spurett,espurettal@seattletimes.com,Male,245.208.87.80
383,Gene,Kinchley,gkinchleyam@disqus.com,Male,46.42.209.206
384,Fara,Hatley,fhatleyan@msn.com,Female,98.162.62.199
385,Horten,Startin,hstartinao@wisc.edu,Male,120.208.73.88
386,Billye,Aronow,baronowap@usnews.com,Female,21.192.198.86
387,Marcelline,Bance,mbanceaq@github.io,Female,154.31.228.227
388,Steward,Craythorn,scraythornar@state.gov,Male,243.248.255.125
389,Mandie,Hrishanok,mhrishanokas@ebay.co.uk,Female,69.134.194.90
390,Valentijn,Manser,vmanserat@tinypic.com,Male,239.145.56.65
391,Kendrick,Ambler,kamblerau@yellowpages.com,Male,169.18.169.235
392,Ede,Canter,ecanterav@simplemachines.org,Female,188.99.0.20
393,Aimil,Haycox,ahaycoxaw@apple.com,Female,6.112.147.149
394,Michal,Hatter,mhatterax@altervista.org,Female,71.222.140.75
395,Sibby,Janda,sjandaay@dmoz.org,Female,30.97.40.103
396,Mickie,Aston,mastonaz@virginia.edu,Male,220.99.255.114
397,Doretta,Took,dtookb0@hugedomains.com,Female,231.147.109.167
398,Issiah,Putton,iputtonb1@reddit.com,Male,156.182.64.231
399,Lurette,Buggs,lbuggsb2@furl.net,Female,90.96.230.176
400,Tobey,Matzkaitis,tmatzkaitisb3@marriott.com,Female,218.40.65.102
401,Alysa,Estable,aestableb4@cafepress.com,Female,80.62.99.218
402,Ronda,Zannutti,rzannuttib5@foxnews.com,Female,169.112.168.254
403,Laurent,Inseal,linsealb6@uol.com.br,Male,166.15.228.46
404,Calv,Brabant,cbrabantb7@berkeley.edu,Male,92.124.112.136
405,Ollie,Fronks,ofronksb8@amazon.com,Female,152.219.138.41
406,Thorstein,Bartolacci,tbartolaccib9@exblog.jp,Male,109.206.237.88
407,Tedda,Ealam,tealamba@infoseek.co.jp,Female,1.71.78.104
408,Land,Runge,lrungebb@google.com,Male,47.227.34.83
409,Bonnie,Lockner,blocknerbc@webeden.co.uk,Female,20.61.199.227
410,Merry,Blasl,mblaslbd@fema.gov,Male,194.155.200.176
411,Barret,Yanyushkin,byanyushkinbe@google.cn,Male,99.38.94.152
412,Gregorio,Marshland,gmarshlandbf@qq.com,Male,151.188.218.148
413,Dugald,Lettson,dlettsonbg@businessinsider.com,Male,149.160.39.100
414,Loni,Branwhite,lbranwhitebh@prweb.com,Female,137.14.186.73
415,Collen,Bickers,cbickersbi@trellian.com,Female,214.181.170.184
416,Leo,Kick,lkickbj@discovery.com,Male,178.47.113.54
417,Charley,Thieme,cthiemebk@vk.com,Male,184.228.82.245
418,Frederich,Kohler,fkohlerbl@marketwatch.com,Male,181.199.192.148
419,Tommy,Gilligan,tgilliganbm@123-reg.co.uk,Male,39.178.137.180
420,Andrea,Glendza,aglendzabn@networksolutions.com,Male,106.246.244.149
421,Alley,MacKey,amackeybo@japanpost.jp,Male,12.63.151.119
422,Leia,Wheatcroft,lwheatcroftbp@simplemachines.org,Female,105.16.9.46
423,Cleo,Archdeckne,carchdecknebq@marriott.com,Female,246.176.99.72
424,Kristofer,Brettoner,kbrettonerbr@marriott.com,Male,252.31.214.2
425,Hayyim,Garrals,hgarralsbs@technorati.com,Male,34.184.134.165
426,Florella,Goldson,fgoldsonbt@soup.io,Female,203.126.141.206
427,Devinne,Ludmann,dludmannbu@shop-pro.jp,Female,170.183.229.58
428,Emogene,Gilderoy,egilderoybv@fotki.com,Female,162.85.67.170
429,Tim,Danilishin,tdanilishinbw@huffingtonpost.com,Male,44.112.87.247
430,Salome,Haugeh,shaugehbx@rakuten.co.jp,Female,154.166.187.64
431,Riane,Kinkade,rkinkadeby@live.com,Female,189.62.15.54
432,Mariska,Boldra,mboldrabz@topsy.com,Female,118.206.93.214
433,Gregg,Compston,gcompstonc0@gov.uk,Male,238.11.137.91
434,Quinn,Crim,qcrimc1@infoseek.co.jp,Male,94.166.77.133
435,Conan,Cudby,ccudbyc2@businesswire.com,Male,74.183.94.82
436,Millie,Lawrance,mlawrancec3@delicious.com,Female,117.10.172.215
437,Danella,Philipet,dphilipetc4@pagesperso-orange.fr,Female,136.77.190.172
438,Phyllis,Cluett,pcluettc5@hp.com,Female,71.69.63.246
439,Elfrieda,Emsley,eemsleyc6@usgs.gov,Female,165.69.201.248
440,Royall,Gideon,rgideonc7@psu.edu,Male,128.124.48.143
441,Lindi,Mervyn,lmervync8@hud.gov,Female,246.178.11.137
442,Patrice,Rany,pranyc9@berkeley.edu,Female,23.33.16.56
443,Shir,Amburgy,samburgyca@youtube.com,Female,205.94.165.171
444,Opaline,Edworthy,oedworthycb@arstechnica.com,Female,153.182.41.175
445,Blondy,Rome,bromecc@google.cn,Female,53.67.46.88
446,Marabel,Sammut,msammutcd@nationalgeographic.com,Female,175.142.193.171
447,Alden,Barmby,abarmbyce@cam.ac.uk,Male,107.57.89.83
448,Kris,Clara,kclaracf@wikispaces.com,Female,124.229.23.56
449,Von,Barritt,vbarrittcg@chronoengine.com,Male,214.228.138.129
450,Malvina,Hubeaux,mhubeauxch@mediafire.com,Female,33.75.188.16
451,Tommie,Allkins,tallkinsci@alexa.com,Male,115.200.59.1
452,Gwennie,Jull,gjullcj@fastcompany.com,Female,136.121.237.53
453,Peterus,Gell,pgellck@independent.co.uk,Male,138.101.159.244
454,Matilde,Guynemer,mguynemercl@businessinsider.com,Female,206.72.133.237
455,Philippine,Dillamore,pdillamorecm@mlb.com,Female,33.217.40.133
456,Peg,Clee,pcleecn@webmd.com,Female,187.179.111.88
457,Monty,Astles,mastlesco@hud.gov,Male,156.63.89.249
458,Lilian,Kohring,lkohringcp@yahoo.com,Female,127.50.119.250
459,Ancell,Crux,acruxcq@nifty.com,Male,18.161.23.132
460,Kordula,Seago,kseagocr@ox.ac.uk,Female,29.208.1.228
461,Noah,Lomb,nlombcs@ifeng.com,Male,250.55.14.0
462,Samantha,Mingaud,smingaudct@mozilla.org,Female,182.2.186.94
463,Tabor,Gemson,tgemsoncu@is.gd,Male,80.211.186.111
464,Malinde,Pickerell,mpickerellcv@spiegel.de,Female,238.109.129.131
465,Amalie,Matfin,amatfincw@vimeo.com,Female,39.112.14.28
466,Bernice,Zannetti,bzannetticx@ezinearticles.com,Female,174.119.143.218
467,Flem,Huthart,fhuthartcy@hatena.ne.jp,Male,201.175.195.156
468,Frank,Berrie,fberriecz@quantcast.com,Female,15.193.73.233
469,Eliza,Hayland,ehaylandd0@jigsy.com,Female,26.82.184.81
470,Alden,Izkovitz,aizkovitzd1@tumblr.com,Male,232.204.252.207
471,Ibbie,Tubble,itubbled2@reverbnation.com,Female,214.29.78.102
472,Trueman,Egdell,tegdelld3@google.co.jp,Male,201.85.185.252
473,Viki,Ritter,vritterd4@geocities.com,Female,200.45.41.150
474,Eulalie,Cozby,ecozbyd5@cpanel.net,Female,12.49.9.22
475,Durand,Sheers,dsheersd6@infoseek.co.jp,Male,23.180.121.114
476,Karleen,Turnell,kturnelld7@youku.com,Female,210.209.114.218
477,Pip,Vaudin,pvaudind8@opensource.org,Male,91.217.93.144
478,Nehemiah,Crasford,ncrasfordd9@google.pl,Male,3.184.173.245
479,Harrie,Skirvin,hskirvinda@hibu.com,Female,254.205.107.19
480,Joelynn,Roncelli,jroncellidb@dmoz.org,Female,213.255.84.225
481,El,Fintoph,efintophdc@posterous.com,Male,227.104.192.24
482,Kristofor,Wellesley,kwellesleydd@slideshare.net,Male,184.31.3.76
483,Griselda,Kinane,gkinanede@nifty.com,Female,144.111.49.212
484,Vinny,Delmonti,vdelmontidf@virginia.edu,Female,129.143.190.165
485,Kerk,Postgate,kpostgatedg@craigslist.org,Male,93.12.120.21
486,Harold,Downton,hdowntondh@msn.com,Male,241.163.118.205
487,Nannette,Mark,nmarkdi@stanford.edu,Female,251.122.172.250
488,Skipton,Servant,sservantdj@last.fm,Male,218.210.88.106
489,Dionisio,Fleetham,dfleethamdk@ustream.tv,Male,146.99.43.234
490,Son,Pedican,spedicandl@naver.com,Male,168.76.243.241
491,Costa,Sottell,csottelldm@timesonline.co.uk,Male,34.212.117.230
492,Giselle,Vigers,gvigersdn@dell.com,Female,63.113.61.123
493,Zsa zsa,Rego,zregodo@ted.com,Female,240.168.223.240
494,Danielle,Bew,dbewdp@tripod.com,Female,154.176.190.157
495,Valentijn,Newlan,vnewlandq@xing.com,Male,251.7.121.144
496,Adam,Acey,aaceydr@dropbox.com,Male,88.195.223.228
497,Forest,Fassbender,ffassbenderds@hubpages.com,Male,77.191.172.205
498,Liva,Hornig,lhornigdt@geocities.jp,Female,168.147.245.46
499,Siouxie,Godson,sgodsondu@psu.edu,Female,106.24.129.32
500,Delphine,Darwin,ddarwindv@nasa.gov,Female,29.141.62.179
501,Constantina,Cruz,ccruzdw@sohu.com,Female,2.54.135.132
502,Blondy,Gerb,bgerbdx@howstuffworks.com,Female,254.253.130.32
503,Montgomery,Sympson,msympsondy@google.co.jp,Male,28.246.15.12
504,Marcelline,Fransson,mfranssondz@friendfeed.com,Female,100.55.123.240
505,Maximilien,Hexam,mhexame0@dailymotion.com,Male,49.20.155.249
506,Timmie,Cansdale,tcansdalee1@networkadvertising.org,Female,148.199.56.86
507,Jania,Bathow,jbathowe2@washingtonpost.com,Female,248.85.56.251
508,Justina,Hablot,jhablote3@fastcompany.com,Female,216.228.175.232
509,Carver,Beldum,cbeldume4@slideshare.net,Male,131.28.167.253
510,Erv,Jakoviljevic,ejakoviljevice5@ebay.co.uk,Male,176.169.172.229
511,Ruthann,Kendell,rkendelle6@cdc.gov,Female,31.127.204.164
512,Jeralee,M'Quhan,jmquhane7@wsj.com,Female,14.47.122.45
513,Barbey,Gammon,bgammone8@msu.edu,Female,186.104.241.71
514,Orlando,Macrae,omacraee9@paginegialle.it,Male,118.139.14.216
515,Anny,Aggett,aaggettea@yahoo.co.jp,Female,178.31.8.50
516,Agnola,Anwyl,aanwyleb@howstuffworks.com,Female,169.23.123.44
517,Lanette,Salaman,lsalamanec@sogou.com,Female,237.76.137.122
518,Jerrie,Laidlaw,jlaidlawed@sciencedaily.com,Male,198.229.133.235
519,Julia,Frondt,jfrondtee@acquirethisname.com,Female,253.188.149.20
520,Prescott,Cruwys,pcruwysef@epa.gov,Male,207.80.195.60
521,Alberto,Hallam,ahallameg@furl.net,Male,163.167.169.113
522,Berny,Tidey,btideyeh@nifty.com,Female,69.127.144.255
523,Beale,Meagh,bmeaghei@twitpic.com,Male,137.172.152.59
524,Becka,Meikle,bmeikleej@google.com.hk,Female,236.222.216.107
525,Kelcy,Nabbs,knabbsek@buzzfeed.com,Female,98.36.148.226
526,Carlina,Dannehl,cdannehlel@angelfire.com,Female,95.44.66.225
527,Shelba,Loughrey,sloughreyem@rediff.com,Female,12.93.35.22
528,Chaunce,De Vuyst,cdevuysten@cmu.edu,Male,157.3.164.144
529,Deborah,Reina,dreinaeo@virginia.edu,Female,132.39.172.106
530,Isacco,Spaight,ispaightep@phoca.cz,Male,120.41.214.56
531,Lynnette,Metzel,lmetzeleq@tinypic.com,Female,53.179.127.189
532,Spense,Gammack,sgammacker@tuttocitta.it,Male,209.164.23.135
533,Christian,Connock,cconnockes@icio.us,Male,128.127.177.200
534,Domini,Shyre,dshyreet@sun.com,Female,10.236.136.172
535,Kerby,Linebarger,klinebargereu@tiny.cc,Male,121.3.228.208
536,Rubetta,Higounet,rhigounetev@utexas.edu,Female,202.171.107.217
537,Nonah,Pleace,npleaceew@nba.com,Female,46.92.142.11
538,Ike,Farnell,ifarnellex@marriott.com,Male,82.110.129.63
539,Priscilla,Maskelyne,pmaskelyneey@lulu.com,Female,63.132.92.107
540,Candida,Scherer,cschererez@parallels.com,Female,80.48.245.161
541,Tye,Dod,tdodf0@flavors.me,Male,7.207.183.36
542,Mallory,Slamaker,mslamakerf1@sitemeter.com,Female,96.151.196.140
543,Baryram,Skeath,bskeathf2@timesonline.co.uk,Male,194.228.101.226
544,Mab,Frazer,mfrazerf3@cbc.ca,Female,203.46.104.148
545,Eddie,Roust,eroustf4@tripadvisor.com,Female,137.238.124.157
546,Annamarie,Gogie,agogief5@vk.com,Female,165.208.227.200
547,Harald,Bowie,hbowief6@mediafire.com,Male,141.233.250.24
548,Leonhard,Gammett,lgammettf7@noaa.gov,Male,121.243.108.211
549,Mildred,Lapley,mlapleyf8@cnbc.com,Female,24.210.5.63
550,Oswald,Sollars,osollarsf9@archive.org,Male,142.206.122.211
551,Teri,O'Hanlon,tohanlonfa@marketwatch.com,Female,99.27.183.25
552,Ambrosi,Lyvon,alyvonfb@mapquest.com,Male,186.208.177.246
553,Astra,Roland,arolandfc@privacy.gov.au,Female,207.234.35.236
554,Neddie,Gilham,ngilhamfd@npr.org,Male,144.80.60.118
555,Rhetta,Schoroder,rschoroderfe@ibm.com,Female,236.13.68.121
556,Jacquetta,Toolan,jtoolanff@pen.io,Female,67.189.254.17
557,Krishnah,Senescall,ksenescallfg@marketwatch.com,Male,187.132.229.89
558,Darn,Sharpous,dsharpousfh@psu.edu,Male,102.77.78.188
559,Iain,Lees,ileesfi@cdbaby.com,Male,235.65.78.133
560,Muffin,Fortnam,mfortnamfj@addthis.com,Male,178.188.119.238
561,Saunders,Dyos,sdyosfk@angelfire.com,Male,145.152.240.10
562,Augie,Scamp,ascampfl@latimes.com,Male,179.122.125.165
563,Osmond,Mellmer,omellmerfm@noaa.gov,Male,86.207.165.151
564,Guthrey,Rishman,grishmanfn@time.com,Male,2.188.204.163
565,Sonny,Cruden,scrudenfo@accuweather.com,Female,43.179.231.186
566,Gregorius,Sant,gsantfp@hhs.gov,Male,250.108.148.75
567,Evelina,Roseman,erosemanfq@360.cn,Female,25.69.96.42
568,Merrielle,Niemetz,mniemetzfr@nature.com,Female,200.17.166.158
569,Yardley,Orrice,yorricefs@washingtonpost.com,Male,124.162.163.248
570,Magda,Stiven,mstivenft@hugedomains.com,Female,39.157.29.130
571,Nollie,Shippard,nshippardfu@histats.com,Male,164.106.10.14
572,Josephina,Leicester,jleicesterfv@newyorker.com,Female,34.77.39.250
573,Mario,Kosiada,mkosiadafw@last.fm,Male,91.144.83.159
574,Reinold,Height,rheightfx@cbsnews.com,Male,105.184.238.20
575,Devora,O'Mahoney,domahoneyfy@sitemeter.com,Female,251.239.123.6
576,Ives,Dewdney,idewdneyfz@cnet.com,Male,212.219.149.3
577,Sauveur,Eannetta,seannettag0@oaic.gov.au,Male,129.215.132.30
578,Forbes,Boncoeur,fboncoeurg1@redcross.org,Male,250.255.237.209
579,Noah,Neubigin,nneubiging2@wordpress.com,Male,12.145.116.242
580,Elva,Rodolico,erodolicog3@facebook.com,Female,126.167.185.121
581,Jackie,Balshaw,jbalshawg4@google.com.br,Male,41.100.94.244
582,Tamma,Ryott,tryottg5@google.com.au,Female,235.60.236.91
583,Judith,Pennigar,jpennigarg6@joomla.org,Female,179.134.10.24
584,Terry,Haggerstone,thaggerstoneg7@mozilla.com,Male,110.3.214.195
585,Nady,Tallman,ntallmang8@apple.com,Female,187.10.165.242
586,Kanya,Pomphrett,kpomphrettg9@wix.com,Female,131.75.108.211
587,Rafaelia,Mosdall,rmosdallga@census.gov,Female,191.71.222.29
588,Raff,Izakof,rizakofgb@sakura.ne.jp,Male,238.171.146.144
589,Karlen,Collocott,kcollocottgc@yolasite.com,Female,78.200.197.246
590,Waylin,Cogdon,wcogdongd@shutterfly.com,Male,19.147.115.36
591,Tiff,Karp,tkarpge@blogtalkradio.com,Female,83.237.112.71
592,Sylvan,Willford,swillfordgf@ft.com,Male,26.37.125.131
593,Gunner,Gaish,ggaishgg@goodreads.com,Male,218.56.147.75
594,Nari,Sadgrove,nsadgrovegh@senate.gov,Female,225.36.217.78
595,Johnathon,Portingale,jportingalegi@google.ru,Male,110.38.169.254
596,Sileas,Griniov,sgriniovgj@wikispaces.com,Female,138.119.23.22
597,Linoel,Sinkin,lsinkingk@icio.us,Male,72.137.184.122
598,Calla,Hayley,chayleygl@hatena.ne.jp,Female,17.97.149.135
599,Fax,Rossander,frossandergm@tuttocitta.it,Male,85.168.132.241
600,Noby,Cresswell,ncresswellgn@jugem.jp,Male,5.2.128.87
601,Michaella,Eastridge,meastridgego@netscape.com,Female,39.237.15.251
602,Giacopo,Sugden,gsugdengp@163.com,Male,131.111.86.19
603,Isador,Boal,iboalgq@admin.ch,Male,20.7.205.94
604,Lefty,Renfree,lrenfreegr@flickr.com,Male,49.46.108.176
605,Samson,Hunnawill,shunnawillgs@purevolume.com,Male,120.218.158.150
606,Lambert,Belderfield,lbelderfieldgt@sohu.com,Male,96.246.72.211
607,Dorris,Digger,ddiggergu@shareasale.com,Female,210.89.175.85
608,Leila,Ors,lorsgv@cbslocal.com,Female,101.253.77.58
609,Minna,Anderton,mandertongw@ucla.edu,Female,235.210.180.194
610,Mario,Pearse,mpearsegx@foxnews.com,Male,177.25.108.35
611,Tobin,Anear,taneargy@booking.com,Male,86.80.243.210
612,Tybalt,Hackney,thackneygz@howstuffworks.com,Male,172.187.114.30
613,Richart,Raeside,rraesideh0@bbb.org,Male,133.25.235.83
614,Silvia,Wreath,swreathh1@sciencedaily.com,Female,59.226.182.146
615,Minnaminnie,Rimer,mrimerh2@cbsnews.com,Female,159.179.27.179
616,Lamont,Restill,lrestillh3@over-blog.com,Male,112.13.223.141
617,Eda,Klima,eklimah4@msu.edu,Female,221.3.109.6
618,Coop,Haggerston,chaggerstonh5@webnode.com,Male,223.13.18.246
619,Ruth,Trippett,rtrippetth6@cam.ac.uk,Female,166.125.15.251
620,Saba,Cammack,scammackh7@whitehouse.gov,Female,247.148.73.79
621,Desiree,Curnucke,dcurnuckeh8@wordpress.com,Female,9.214.108.231
622,Gustavus,Francom,gfrancomh9@nyu.edu,Male,119.135.21.25
623,Regan,Gossan,rgossanha@uiuc.edu,Male,143.181.163.207
624,Marie-ann,Aikenhead,maikenheadhb@uol.com.br,Female,4.127.54.220
625,Chrysa,Brownlow,cbrownlowhc@adobe.com,Female,35.207.126.199
626,Gertrude,Voce,gvocehd@istockphoto.com,Female,229.20.205.196
627,Merv,Romayn,mromaynhe@people.com.cn,Male,153.131.12.132
628,Laura,Arnow,larnowhf@addtoany.com,Female,141.105.52.89
629,Ermengarde,Willerton,ewillertonhg@nifty.com,Female,220.55.215.66
630,Shina,Comben,scombenhh@php.net,Female,3.10.166.219
631,Kriste,Peagram,kpeagramhi@privacy.gov.au,Female,87.87.137.187
632,Helge,Scruton,hscrutonhj@fda.gov,Female,144.221.128.150
633,Paloma,Libbie,plibbiehk@nydailynews.com,Female,193.197.150.249
634,Ram,Torrijos,rtorrijoshl@google.com.hk,Male,134.45.200.252
635,Laure,Dixcey,ldixceyhm@ask.com,Female,89.175.173.132
636,Nikaniki,Charge,nchargehn@dot.gov,Female,34.40.35.162
637,Klara,Dami,kdamiho@seesaa.net,Female,145.237.39.210
638,Sara,Hegley,shegleyhp@constantcontact.com,Female,197.82.183.191
639,Maire,Goodrum,mgoodrumhq@google.com.au,Female,62.93.23.162
640,Heindrick,Chrestien,hchrestienhr@deliciousdays.com,Male,224.134.123.187
641,Abrahan,Hourigan,ahouriganhs@thetimes.co.uk,Male,35.239.122.57
642,Edi,Domek,edomekht@ucsd.edu,Female,28.148.132.106
643,Lula,Birks,lbirkshu@nationalgeographic.com,Female,76.50.112.59
644,Shurlocke,Fust,sfusthv@mozilla.org,Male,172.186.211.75
645,Marietta,Tubbs,mtubbshw@wikipedia.org,Female,236.145.33.109
646,Sacha,Rich,srichhx@opensource.org,Female,140.253.72.8
647,Danya,Cosgriff,dcosgriffhy@aol.com,Female,19.55.36.66
648,Wilburt,Banasik,wbanasikhz@china.com.cn,Male,55.249.113.146
649,Alexander,Barron,abarroni0@desdev.cn,Male,188.209.177.112
650,Park,Pinkie,ppinkiei1@vinaora.com,Male,52.6.148.245
651,Clint,Iorizzo,ciorizzoi2@nymag.com,Male,209.163.134.142
652,Gay,Djorvic,gdjorvici3@gmpg.org,Female,12.58.173.107
653,Elvin,Goodayle,egoodaylei4@slideshare.net,Male,254.19.144.109
654,Lynda,Licciardi,llicciardii5@ifeng.com,Female,14.87.250.221
655,Gaile,Leslie,glesliei6@google.es,Male,87.50.104.90
656,Granthem,Shiel,gshieli7@usatoday.com,Male,53.154.153.33
657,Burlie,Chetham,bchethami8@cloudflare.com,Male,17.27.229.13
658,Rutger,Stillgoe,rstillgoei9@amazon.com,Male,91.200.216.168
659,Yoshiko,Blowne,yblowneia@exblog.jp,Female,186.188.231.85
660,Lawton,Cammoile,lcammoileib@microsoft.com,Male,217.76.1.240
661,Clim,Trett,ctrettic@dedecms.com,Male,140.81.13.188
662,Andreana,Pittwood,apittwoodid@japanpost.jp,Female,51.160.218.201
663,Chickie,Rowbrey,crowbreyie@statcounter.com,Male,236.69.6.114
664,Virgilio,Vasyunin,vvasyuninif@blogger.com,Male,164.248.74.187
665,Tiffi,Delacourt,tdelacourtig@google.com.au,Female,236.193.147.173
666,Analiese,Brickhill,abrickhillih@unicef.org,Female,172.140.55.45
667,Loni,Shermore,lshermoreii@51.la,Female,21.206.239.53
668,Worth,Clink,wclinkij@biglobe.ne.jp,Male,80.199.103.58
669,Lorant,Middleweek,lmiddleweekik@4shared.com,Male,143.182.134.140
670,Mendy,Gurden,mgurdenil@hud.gov,Male,31.9.160.16
671,Misha,Rudgley,mrudgleyim@1und1.de,Female,139.234.219.64
672,Kenyon,Bottomley,kbottomleyin@examiner.com,Male,111.8.78.145
673,Worthy,Poolton,wpooltonio@timesonline.co.uk,Male,63.143.224.139
674,Ed,Hanalan,ehanalanip@smh.com.au,Male,93.232.189.55
675,Dilly,Strodder,dstrodderiq@behance.net,Male,239.158.39.140
676,Royal,Husset,rhussetir@themeforest.net,Male,163.25.238.72
677,Dell,Manders,dmandersis@netvibes.com,Male,174.168.168.133
678,Kirbie,Jacks,kjacksit@rambler.ru,Female,68.76.180.99
679,Abbe,Longley,alongleyiu@examiner.com,Male,209.2.99.42
680,Lea,Devorill,ldevorilliv@ox.ac.uk,Female,92.99.178.168
681,Gale,Levensky,glevenskyiw@home.pl,Female,87.59.171.237
682,Oliver,Brevitt,obrevittix@cnn.com,Male,141.196.109.77
683,Vance,Boobier,vboobieriy@newyorker.com,Male,55.233.2.29
684,Ashlan,Sabathe,asabatheiz@istockphoto.com,Female,55.13.40.21
685,Arabele,Syphas,asyphasj0@ucoz.ru,Female,125.168.12.80
686,Becca,Gorse,bgorsej1@unc.edu,Female,247.39.168.99
687,Elinor,Carwithen,ecarwithenj2@cpanel.net,Female,6.150.26.75
688,Umberto,Sawrey,usawreyj3@comcast.net,Male,152.138.183.43
689,Hi,Lain,hlainj4@ustream.tv,Male,51.181.134.247
690,Ware,Steljes,wsteljesj5@i2i.jp,Male,232.182.48.252
691,Chrysa,Callender,ccallenderj6@dion.ne.jp,Female,152.15.182.207
692,Carson,Towne,ctownej7@google.co.jp,Male,91.41.42.70
693,Josiah,Hapgood,jhapgoodj8@goodreads.com,Male,13.207.99.3
694,Kyla,Cosans,kcosansj9@com.com,Female,8.90.241.221
695,Papagena,Van der Mark,pvandermarkja@flickr.com,Female,136.108.199.64
696,Franny,Magog,fmagogjb@meetup.com,Male,218.44.220.123
697,Maud,Maxwell,mmaxwelljc@usatoday.com,Female,132.74.142.7
698,Kelci,Di Roberto,kdirobertojd@altervista.org,Female,100.139.100.136
699,Jamil,Mosedall,jmosedallje@youtu.be,Male,144.21.209.114
700,Yehudi,Moulsdall,ymoulsdalljf@hp.com,Male,89.148.203.87
701,Rana,Rennicks,rrennicksjg@nationalgeographic.com,Female,2.60.120.9
702,Antonius,Dawber,adawberjh@nasa.gov,Male,1.168.228.2
703,Alexandre,Cordeux,acordeuxji@blinklist.com,Male,54.104.104.123
704,Bernetta,Beine,bbeinejj@washingtonpost.com,Female,27.62.3.150
705,Fanya,Nugent,fnugentjk@ted.com,Female,229.5.118.30
706,Conrado,Sellner,csellnerjl@cornell.edu,Male,253.190.1.69
707,Glynn,Dunton,gduntonjm@nps.gov,Male,40.216.89.37
708,Zilvia,Luthwood,zluthwoodjn@census.gov,Female,52.120.48.128
709,Brew,Virgoe,bvirgoejo@nifty.com,Male,138.99.146.59
710,Trent,Whittet,twhittetjp@joomla.org,Male,10.66.57.30
711,Kari,Tarbett,ktarbettjq@macromedia.com,Female,189.33.242.224
712,Ahmed,Gommery,agommeryjr@tumblr.com,Male,83.166.87.134
713,Henryetta,Kubiak,hkubiakjs@cdbaby.com,Female,77.103.8.167
714,Bucky,Beteriss,bbeterissjt@weather.com,Male,121.139.23.186
715,Nicolais,Gillian,ngillianju@ustream.tv,Male,124.255.5.180
716,Alexa,Hallard,ahallardjv@nsw.gov.au,Female,108.204.170.208
717,Anni,Cleobury,acleoburyjw@lulu.com,Female,130.255.129.165
718,Sharia,Fireman,sfiremanjx@eepurl.com,Female,145.43.96.116
719,Gillie,Challener,gchallenerjy@opera.com,Female,13.15.226.100
720,Jeromy,Litchmore,jlitchmorejz@cornell.edu,Male,242.201.231.112
721,Reba,Starr,rstarrk0@diigo.com,Female,138.205.42.250
722,Falkner,Manilove,fmanilovek1@cpanel.net,Male,99.28.220.102
723,Arlina,Temprell,atemprellk2@opensource.org,Female,114.173.79.93
724,Mannie,Parnall,mparnallk3@nature.com,Male,200.0.20.219
725,Bili,Wessel,bwesselk4@baidu.com,Female,38.253.197.13
726,Carlyn,Wisby,cwisbyk5@mail.ru,Female,166.194.119.183
727,Homer,Damrell,hdamrellk6@uol.com.br,Male,218.71.127.76
728,Bonnee,Stokell,bstokellk7@google.ca,Female,85.40.109.116
729,Edeline,Bellino,ebellinok8@oakley.com,Female,244.151.163.227
730,Deedee,Armitage,darmitagek9@opensource.org,Female,255.214.209.212
731,Clemmy,Krauss,ckrausska@homestead.com,Male,57.202.159.45
732,Erskine,Rogans,eroganskb@flickr.com,Male,223.175.45.81
733,North,McCluskey,nmccluskeykc@washingtonpost.com,Male,194.87.27.134
734,Lizbeth,Gilcriest,lgilcriestkd@icio.us,Female,138.141.110.209
735,Laryssa,Fursland,lfurslandke@stumbleupon.com,Female,242.143.43.147
736,Theresina,Devas,tdevaskf@e-recht24.de,Female,30.214.228.103
737,Silvana,Line,slinekg@wp.com,Female,47.220.202.128
738,Buiron,Lemary,blemarykh@printfriendly.com,Male,204.37.194.49
739,Linda,Shilleto,lshilletoki@csmonitor.com,Female,156.227.6.77
740,Simeon,Basden,sbasdenkj@nbcnews.com,Male,29.93.51.109
741,Zerk,Berceros,zberceroskk@cbslocal.com,Male,62.64.254.13
742,Vidovic,Soares,vsoareskl@ebay.com,Male,130.214.13.207
743,Verney,Moreinu,vmoreinukm@desdev.cn,Male,19.14.75.63
744,Samuele,Parkyn,sparkynkn@diigo.com,Male,91.119.46.143
745,Marcela,Causey,mcauseyko@plala.or.jp,Female,143.23.55.101
746,Krystalle,Millen,kmillenkp@google.it,Female,162.10.73.194
747,Manon,Milam,mmilamkq@google.com.hk,Female,27.196.68.159
748,Fenelia,Drabble,fdrabblekr@noaa.gov,Female,207.134.160.42
749,Fitz,O' Gara,fogaraks@wikia.com,Male,18.75.137.48
750,Leicester,Minchindon,lminchindonkt@soundcloud.com,Male,199.50.36.94
751,Land,Ogley,logleyku@theglobeandmail.com,Male,59.41.116.122
752,Carie,Schrieves,cschrieveskv@tamu.edu,Female,215.228.245.47
753,Wildon,Stubs,wstubskw@flavors.me,Male,28.189.170.100
754,Garvy,Eveque,gevequekx@netlog.com,Male,61.9.80.187
755,Isac,Senior,iseniorky@a8.net,Male,141.250.151.196
756,Dorolice,Camfield,dcamfieldkz@biblegateway.com,Female,111.30.24.153
757,Maggy,Casillas,mcasillasl0@google.fr,Female,128.19.28.32
758,Morgana,Woodham,mwoodhaml1@wordpress.com,Female,215.105.63.26
759,Hildagard,Meenan,hmeenanl2@japanpost.jp,Female,137.231.128.78
760,Benedict,Powder,bpowderl3@hostgator.com,Male,242.87.41.5
761,Keely,Dearlove,kdearlovel4@nsw.gov.au,Female,190.106.255.226
762,Stafford,Gottschalk,sgottschalkl5@bizjournals.com,Male,97.11.215.115
763,Janeva,Solesbury,jsolesburyl6@usda.gov,Female,4.205.99.213
764,Devland,Castellaccio,dcastellacciol7@studiopress.com,Male,21.236.165.41
765,Hally,Gewer,hgewerl8@epa.gov,Female,125.93.29.201
766,Lenore,Germon,lgermonl9@omniture.com,Female,17.3.100.206
767,Newton,Whewell,nwhewellla@goo.gl,Male,197.26.117.231
768,Malva,Jezard,mjezardlb@wisc.edu,Female,126.25.1.35
769,Patrice,Pioli,ppiolilc@biglobe.ne.jp,Male,151.246.157.67
770,Miran,Batcheldor,mbatcheldorld@t.co,Female,124.217.199.97
771,Doralynn,Standage,dstandagele@wsj.com,Female,118.89.244.199
772,Dewie,Geibel,dgeibellf@toplist.cz,Male,12.118.235.83
773,Fredric,Garlant,fgarlantlg@weibo.com,Male,237.227.94.72
774,Demetri,McTavy,dmctavylh@seattletimes.com,Male,19.246.113.208
775,Aland,Joyce,ajoyceli@tinypic.com,Male,8.178.44.206
776,Genevieve,Bortolutti,gbortoluttilj@last.fm,Female,20.209.236.201
777,Vitia,Hennington,vhenningtonlk@tripadvisor.com,Female,223.142.179.143
778,Georges,Wiggam,gwiggamll@wufoo.com,Male,232.98.14.151
779,Hakeem,Crookston,hcrookstonlm@reddit.com,Male,151.85.25.101
780,Eada,Gates,egatesln@nyu.edu,Female,29.114.11.90
781,Bendick,Tousey,btouseylo@springer.com,Male,153.66.201.163
782,Garnette,Trewhitt,gtrewhittlp@newyorker.com,Female,38.244.117.48
783,Moyna,Lazare,mlazarelq@aol.com,Female,48.240.216.178
784,Horton,Unger,hungerlr@cnbc.com,Male,111.28.15.68
785,Paxon,Ridel,pridells@prweb.com,Male,163.106.38.125
786,Dianemarie,Antonelli,dantonellilt@nymag.com,Female,48.34.174.207
787,Berkley,Melross,bmelrosslu@bluehost.com,Male,151.16.217.93
788,Isabelle,Gerretsen,igerretsenlv@istockphoto.com,Female,112.89.133.137
789,Bruis,Guillerman,bguillermanlw@plala.or.jp,Male,179.234.13.97
790,Shari,Brodeur,sbrodeurlx@loc.gov,Female,130.237.192.53
791,Hershel,Jesse,hjessely@example.com,Male,64.124.38.100
792,Cosetta,Kringe,ckringelz@lulu.com,Female,4.68.60.176
793,Elyn,Troni,etronim0@usatoday.com,Female,134.55.169.219
794,Sax,Dowbiggin,sdowbigginm1@so-net.ne.jp,Male,142.83.114.106
795,Linoel,Wragge,lwraggem2@phoca.cz,Male,40.110.95.173
796,Devy,Jewiss,djewissm3@alexa.com,Male,45.29.9.145
797,Janaya,Kelemen,jkelemenm4@usda.gov,Female,20.53.207.246
798,Hammad,Jenkins,hjenkinsm5@opensource.org,Male,140.16.43.22
799,Vitoria,Roston,vrostonm6@sciencedirect.com,Female,13.27.160.81
800,Leonard,Fitzpayn,lfitzpaynm7@rambler.ru,Male,28.22.9.96
801,Bond,Firle,bfirlem8@ycombinator.com,Male,77.148.253.68
802,Sherill,Leynham,sleynhamm9@ovh.net,Female,115.122.45.206
803,Samara,Planque,splanquema@thetimes.co.uk,Female,79.86.10.23
804,Carie,Shilton,cshiltonmb@wordpress.org,Female,55.157.179.232
805,Codi,Herries,cherriesmc@imgur.com,Female,194.163.172.148
806,Cece,Velten,cveltenmd@uol.com.br,Male,32.225.151.144
807,Godfry,Brownlee,gbrownleeme@netscape.com,Male,233.162.107.193
808,Charles,Ladell,cladellmf@jimdo.com,Male,8.183.73.33
809,Alva,Arnott,aarnottmg@cbsnews.com,Male,102.57.254.245
810,Shepard,Kitchenman,skitchenmanmh@mit.edu,Male,225.175.221.219
811,Andree,Piercey,apierceymi@eventbrite.com,Female,209.153.130.186
812,Rafi,McDavid,rmcdavidmj@drupal.org,Male,166.0.77.164
813,Marve,Ayshford,mayshfordmk@people.com.cn,Male,135.97.215.112
814,Casandra,Crosswaite,ccrosswaiteml@netvibes.com,Female,173.247.194.230
815,Esme,Extal,eextalmm@webeden.co.uk,Female,213.209.117.127
816,Zorine,Stitfall,zstitfallmn@qq.com,Female,98.249.188.10
817,Oates,Bissiker,obissikermo@indiatimes.com,Male,120.107.95.167
818,Lia,Hannond,lhannondmp@histats.com,Female,50.29.79.1
819,Kenyon,Clemmett,kclemmettmq@biglobe.ne.jp,Male,79.208.6.27
820,Van,Enterle,venterlemr@jugem.jp,Male,244.129.180.176
821,Benjy,Bartholin,bbartholinms@multiply.com,Male,38.177.173.57
822,Hyatt,Covely,hcovelymt@techcrunch.com,Male,135.252.101.54
823,Garold,Dussy,gdussymu@cbslocal.com,Male,224.143.24.11
824,Anna-diane,Eilhermann,aeilhermannmv@amazon.com,Female,241.56.160.226
825,Julee,Weeks,jweeksmw@github.com,Female,8.136.98.33
826,Gates,Raggatt,graggattmx@msu.edu,Female,243.203.78.197
827,Ingram,Wiltshear,iwiltshearmy@arizona.edu,Male,174.51.98.26
828,Jodie,Bapty,jbaptymz@unesco.org,Male,121.42.243.86
829,Trudy,Cuxon,tcuxonn0@mlb.com,Female,62.208.147.46
830,Reggie,Legate,rlegaten1@tripod.com,Male,219.71.179.105
831,Nikkie,Woolvett,nwoolvettn2@e-recht24.de,Female,122.163.80.57
832,Giustina,Pearl,gpearln3@ted.com,Female,247.85.2.21
833,Christie,Hacquoil,chacquoiln4@amazon.co.jp,Male,9.113.106.106
834,Rhoda,Klimek,rklimekn5@tamu.edu,Female,51.165.12.83
835,Bab,Darker,bdarkern6@vk.com,Female,95.37.201.211
836,Garrard,Lewing,glewingn7@princeton.edu,Male,34.57.127.101
837,Janine,Hebdon,jhebdonn8@wikipedia.org,Female,178.77.125.0
838,Redford,Coulsen,rcoulsenn9@goodreads.com,Male,56.205.64.91
839,Delmore,VanBrugh,dvanbrughna@acquirethisname.com,Male,135.81.158.119
840,Anna-diane,Teather,ateathernb@weibo.com,Female,210.99.51.178
841,Theo,Trenholm,ttrenholmnc@mlb.com,Male,24.123.212.147
842,Dotti,Haylett,dhaylettnd@cam.ac.uk,Female,207.239.221.176
843,Chelsie,Tolomio,ctolomione@nps.gov,Female,124.91.9.203
844,Elvira,Foran,eforannf@studiopress.com,Female,178.217.4.214
845,Eward,Knights,eknightsng@usa.gov,Male,178.187.214.223
846,Klaus,Vasyukov,kvasyukovnh@issuu.com,Male,60.244.147.252
847,Sonny,Cammock,scammockni@comsenz.com,Male,36.232.191.148
848,Hillyer,Kauscher,hkauschernj@purevolume.com,Male,125.234.37.15
849,Sallee,Caswell,scaswellnk@mysql.com,Female,163.144.224.16
850,Vidovic,Damarell,vdamarellnl@dailymotion.com,Male,28.97.114.240
851,Brittni,Heiton,bheitonnm@addtoany.com,Female,189.49.65.184
852,Jesus,Wynett,jwynettnn@spotify.com,Male,24.22.19.195
853,Pearla,Stallion,pstallionno@weibo.com,Female,104.165.32.134
854,Janeva,Paynter,jpaynternp@dailymotion.com,Female,160.156.157.85
855,Margeaux,Lewer,mlewernq@newyorker.com,Female,69.39.102.194
856,Gustavo,Lytell,glytellnr@usatoday.com,Male,72.49.100.174
857,Gal,Besse,gbessens@ask.com,Male,230.225.203.48
858,Simonne,MacCarrane,smaccarranent@miitbeian.gov.cn,Female,11.75.29.71
859,Clotilda,Iacovazzi,ciacovazzinu@ihg.com,Female,29.47.109.32
860,Tammy,Worland,tworlandnv@opensource.org,Female,64.181.147.207
861,Sonny,Halladay,shalladaynw@hp.com,Male,253.122.157.189
862,Julianna,Bebbell,jbebbellnx@paypal.com,Female,121.25.183.105
863,Lazarus,Leile,lleileny@google.ru,Male,172.42.156.91
864,Annamaria,Haggleton,ahaggletonnz@vimeo.com,Female,49.228.172.148
865,Marijn,Mulheron,mmulherono0@google.es,Male,255.158.240.125
866,Suzanna,Folks,sfolkso1@barnesandnoble.com,Female,6.209.182.59
867,Hermy,Vescovini,hvescovinio2@businessinsider.com,Male,252.11.211.105
868,Gloriana,Yarnton,gyarntono3@wix.com,Female,204.117.241.204
869,Aleece,Buer,abuero4@360.cn,Female,189.140.91.176
870,Joellyn,Cosbey,jcosbeyo5@loc.gov,Female,60.205.156.55
871,Aggi,Roskelly,aroskellyo6@buzzfeed.com,Female,35.100.213.45
872,Vergil,Pavlishchev,vpavlishchevo7@goo.gl,Male,138.187.9.153
873,Ervin,Trethowan,etrethowano8@vistaprint.com,Male,248.18.240.18
874,Hally,Sirey,hsireyo9@newyorker.com,Female,242.200.194.87
875,Coralyn,Valentetti,cvalentettioa@photobucket.com,Female,134.89.14.236
876,Carlos,Hastwall,chastwallob@icio.us,Male,247.44.38.41
877,Alejandro,Fuke,afukeoc@1und1.de,Male,175.53.117.208
878,Silvano,Castan,scastanod@virginia.edu,Male,37.213.8.226
879,Antone,Scarr,ascarroe@upenn.edu,Male,76.181.249.68
880,Margi,Skakunas,mskakunasof@google.it,Female,114.47.205.224
881,Elysha,Mapother,emapotherog@dailymail.co.uk,Female,220.227.109.197
882,Arleyne,Treweela,atreweelaoh@flickr.com,Female,178.218.49.112
883,Rex,Haggas,rhaggasoi@archive.org,Male,165.112.16.182
884,Maggie,Heiton,mheitonoj@oaic.gov.au,Female,142.56.144.65
885,Fawne,McGuiness,fmcguinessok@wordpress.org,Female,33.19.232.46
886,Stacy,Jessup,sjessupol@about.com,Female,191.154.158.203
887,Sherwynd,Loder,sloderom@ocn.ne.jp,Male,0.157.17.107
888,Stevena,Stent,sstenton@sohu.com,Female,189.68.4.128
889,Adlai,Martlew,amartlewoo@mysql.com,Male,135.203.198.112
890,Kimberley,Andryushin,kandryushinop@about.com,Female,85.46.161.213
891,Beau,Teodori,bteodorioq@clickbank.net,Male,92.149.66.234
892,Viva,Yakolev,vyakolevor@amazonaws.com,Female,32.35.166.185
893,Martainn,Simionescu,msimionescuos@oakley.com,Male,67.94.230.197
894,Nevil,Murrish,nmurrishot@google.cn,Male,84.125.240.188
895,Alfons,Lanfranchi,alanfranchiou@studiopress.com,Male,235.116.116.180
896,Tiffie,Cavanagh,tcavanaghov@tripadvisor.com,Female,38.90.193.255
897,Emlynn,Girth,egirthow@123-reg.co.uk,Female,176.237.41.183
898,Gayla,Conneau,gconneauox@aol.com,Female,213.79.109.19
899,Sherline,Clampe,sclampeoy@telegraph.co.uk,Female,53.171.4.166
900,Baxter,Bindin,bbindinoz@wikipedia.org,Male,25.104.152.60
901,Gavrielle,Yashaev,gyashaevp0@odnoklassniki.ru,Female,167.190.44.177
902,Paxton,Auston,paustonp1@washington.edu,Male,14.187.222.42
903,Udale,Matteris,umatterisp2@geocities.jp,Male,246.246.31.47
904,Aurthur,Shakesby,ashakesbyp3@skype.com,Male,78.119.40.221
905,Aldwin,Staniford,astanifordp4@noaa.gov,Male,177.213.146.218
906,Carey,Laidler,claidlerp5@jiathis.com,Female,237.194.8.179
907,Laurie,Strapp,lstrappp6@acquirethisname.com,Male,113.172.64.187
908,Willetta,Salatino,wsalatinop7@storify.com,Female,212.99.250.166
909,Domenico,Plaskitt,dplaskittp8@slate.com,Male,213.24.168.68
910,Cad,Malpas,cmalpasp9@macromedia.com,Male,36.83.168.86
911,Fifi,Dewsbury,fdewsburypa@ca.gov,Female,120.203.42.42
912,Etty,Tomes,etomespb@cornell.edu,Female,56.112.203.223
913,Colette,Scala,cscalapc@eepurl.com,Female,191.234.148.157
914,Pietrek,Fourmy,pfourmypd@latimes.com,Male,153.176.33.93
915,Skyler,Ertelt,serteltpe@ustream.tv,Male,147.182.83.162
916,Nanice,Eager,neagerpf@ustream.tv,Female,131.229.159.222
917,Johnny,Howieson,jhowiesonpg@hud.gov,Male,102.71.1.122
918,Raff,Rickertsen,rrickertsenph@slideshare.net,Male,64.6.203.214
919,Early,Franceschielli,efranceschiellipi@salon.com,Male,220.89.248.247
920,Jeffie,Dineges,jdinegespj@loc.gov,Male,198.178.251.251
921,Elysha,Snipe,esnipepk@yolasite.com,Female,24.194.189.28
922,Sorcha,Flemyng,sflemyngpl@patch.com,Female,173.50.102.143
923,Neils,Farreil,nfarreilpm@storify.com,Male,105.36.146.124
924,Patty,Poole,ppoolepn@state.gov,Male,38.137.3.123
925,Lark,Lozano,llozanopo@marketwatch.com,Female,238.39.90.59
926,Sinclair,Grassick,sgrassickpp@plala.or.jp,Male,158.249.172.73
927,Bibi,Heaslip,bheaslippq@hostgator.com,Female,107.135.130.202
928,Zita,Oswald,zoswaldpr@unblog.fr,Female,40.237.203.200
929,Durward,Coffelt,dcoffeltps@bandcamp.com,Male,133.66.105.51
930,Nathaniel,Diperaus,ndiperauspt@shutterfly.com,Male,38.177.212.22
931,Ailina,Hovey,ahoveypu@jugem.jp,Female,17.27.61.27
932,Bendite,Demaid,bdemaidpv@huffingtonpost.com,Female,11.76.69.222
933,Taite,Agastina,tagastinapw@home.pl,Male,191.27.42.223
934,Collen,McIlwain,cmcilwainpx@timesonline.co.uk,Female,96.54.70.34
935,Brina,O' Hanvey,bohanveypy@dedecms.com,Female,218.171.154.57
936,Janek,Leemans,jleemanspz@hhs.gov,Male,41.98.115.186
937,Linnie,Tooke,ltookeq0@networkadvertising.org,Female,153.117.249.41
938,Melba,Lauxmann,mlauxmannq1@naver.com,Female,11.168.162.194
939,Carolin,Mouth,cmouthq2@istockphoto.com,Female,188.255.29.180
940,Branden,McKyrrelly,bmckyrrellyq3@printfriendly.com,Male,252.158.236.119
941,Hyatt,MacDougall,hmacdougallq4@printfriendly.com,Male,234.28.37.24
942,Tedi,Dawson,tdawsonq5@tripadvisor.com,Female,127.85.188.197
943,Everett,McKinna,emckinnaq6@yelp.com,Male,247.108.219.69
944,Cleon,Bauld,cbauldq7@cam.ac.uk,Male,140.28.210.42
945,Ralf,Rowledge,rrowledgeq8@miitbeian.gov.cn,Male,149.109.23.61
946,Cosetta,Penketh,cpenkethq9@is.gd,Female,113.66.175.58
947,Yehudit,Cotman,ycotmanqa@google.co.jp,Male,155.3.30.139
948,Marga,Guerriero,mguerrieroqb@ted.com,Female,23.167.171.29
949,Joseph,Nower,jnowerqc@parallels.com,Male,12.196.26.19
950,Vivyanne,Birkhead,vbirkheadqd@hud.gov,Female,147.56.117.191
951,Juli,Larrington,jlarringtonqe@tripadvisor.com,Female,193.68.123.29
952,Randie,Meffin,rmeffinqf@google.pl,Female,120.104.168.216
953,Hyacinthe,Cadalleder,hcadallederqg@indiatimes.com,Female,222.220.234.114
954,Berti,Pllu,bplluqh@ask.com,Male,175.194.90.224
955,Gerhard,Maynell,gmaynellqi@twitter.com,Male,152.51.9.216
956,Michal,Scane,mscaneqj@flickr.com,Male,3.131.196.54
957,Lexie,Crotty,lcrottyqk@liveinternet.ru,Female,146.225.119.50
958,Delainey,Steddall,dsteddallql@imdb.com,Male,238.42.107.59
959,Ellary,Floyd,efloydqm@godaddy.com,Male,63.60.219.48
960,Darlleen,Lethem,dlethemqn@adobe.com,Female,79.87.237.25
961,Gris,Imloch,gimlochqo@java.com,Male,133.244.44.211
962,Babara,Bergeau,bbergeauqp@arstechnica.com,Female,53.178.159.56
963,Sidoney,Kuschel,skuschelqq@digg.com,Female,69.103.217.71
964,Deva,Carrell,dcarrellqr@mozilla.org,Female,19.222.67.227
965,Urban,Goldring,ugoldringqs@cisco.com,Male,33.82.36.144
966,Madonna,Ridolfi,mridolfiqt@istockphoto.com,Female,65.103.189.5
967,Gery,Eddington,geddingtonqu@stumbleupon.com,Male,129.76.218.139
968,Stephan,Dobrovolny,sdobrovolnyqv@abc.net.au,Male,72.71.172.208
969,Hamil,Claris,hclarisqw@elegantthemes.com,Male,111.188.183.198
970,Aluino,Corden,acordenqx@patch.com,Male,164.155.45.214
971,Pavel,Titchen,ptitchenqy@mashable.com,Male,201.27.122.147
972,Griff,Gaunson,ggaunsonqz@geocities.jp,Male,200.176.224.238
973,Barnaby,Skehens,bskehensr0@ow.ly,Male,15.20.205.25
974,Lorrayne,Pound,lpoundr1@huffingtonpost.com,Female,228.12.70.166
975,Tyne,Pearmine,tpearminer2@sitemeter.com,Female,126.119.222.24
976,Martyn,Fletham,mflethamr3@creativecommons.org,Male,35.36.198.110
977,Aggi,Garmons,agarmonsr4@acquirethisname.com,Female,23.108.34.4
978,Ahmad,Halesworth,ahalesworthr5@seattletimes.com,Male,159.112.151.121
979,Clement,Kobieriecki,ckobierieckir6@bravesites.com,Male,70.156.211.129
980,Maud,Borkett,mborkettr7@zimbio.com,Female,21.169.59.68
981,Cello,Bentke,cbentker8@homestead.com,Male,55.122.222.78
982,Jude,Broderick,jbroderickr9@4shared.com,Male,35.61.188.18
983,Emili,Kynsey,ekynseyra@wsj.com,Female,144.70.103.154
984,Benedick,Fitzer,bfitzerrb@smugmug.com,Male,9.139.184.200
985,Hobard,Lundberg,hlundbergrc@gnu.org,Male,102.202.244.68
986,Winnie,Chatain,wchatainrd@yelp.com,Male,102.56.81.155
987,Melania,Pettifor,mpettiforre@yahoo.com,Female,143.31.101.226
988,Consolata,Wannan,cwannanrf@nyu.edu,Female,220.117.151.84
989,Whitby,Gobeaux,wgobeauxrg@prweb.com,Male,126.19.166.210
990,Clem,Harker,charkerrh@marketwatch.com,Male,108.171.10.48
991,Jeniffer,O'Kennedy,jokennedyri@wikimedia.org,Female,231.89.196.251
992,Juliana,Tamburo,jtamburorj@opensource.org,Female,203.156.128.133
993,Robbin,Karlqvist,rkarlqvistrk@symantec.com,Female,51.151.99.185
994,Yoshi,Rugg,yruggrl@hubpages.com,Female,58.75.44.228
995,Thomasina,Mollindinia,tmollindiniarm@abc.net.au,Female,252.41.87.192
996,Palmer,Stirgess,pstirgessrn@twitter.com,Male,219.31.248.16
997,Cody,Shardlow,cshardlowro@nationalgeographic.com,Female,97.128.110.196
998,Deborah,Wailes,dwailesrp@dyndns.org,Female,177.249.116.55
999,Baird,Deverock,bdeverockrq@rakuten.co.jp,Male,71.197.118.252
1000,Hobard,Gilford,hgilfordrr@comsenz.com,Male,108.128.129.152
